Timestamp,Generated_Price_1,Generated_Price_2,Generated_Price_3,Generated_Price_4,Generated_Price_5,Generated_Price_6,Generated_Price_7,Generated_Price_8,Generated_Price_9,Generated_Price_10,Generated_Price_11,Generated_Price_12,Generated_Price_13,Generated_Price_14,Generated_Price_15,Generated_Price_16,Generated_Price_17,Generated_Price_18,Generated_Price_19,Generated_Price_20,Generated_Price_21,Generated_Price_22,Generated_Price_23,Generated_Price_24,Generated_Price_25,Generated_Price_26,Generated_Price_27,Generated_Price_28,Generated_Price_29,Generated_Price_30,Generated_Price_31,Generated_Price_32,Generated_Price_33,Generated_Price_34,Generated_Price_35,Generated_Price_36,Generated_Price_37,Generated_Price_38,Generated_Price_39,Generated_Price_40,Generated_Price_41,Generated_Price_42,Generated_Price_43,Generated_Price_44,Generated_Price_45,Generated_Price_46,Generated_Price_47,Generated_Price_48,Generated_Price_49,Generated_Price_50,Generated_Price_51,Generated_Price_52,Generated_Price_53,Generated_Price_54,Generated_Price_55,Generated_Price_56,Generated_Price_57,Generated_Price_58,Generated_Price_59,Generated_Price_60,Generated_Price_61,Generated_Price_62,Generated_Price_63,Generated_Price_64,Generated_Price_65,Generated_Price_66,Generated_Price_67,Generated_Price_68,Generated_Price_69,Generated_Price_70,Generated_Price_71,Generated_Price_72,Generated_Price_73,Generated_Price_74,Generated_Price_75,Generated_Price_76,Generated_Price_77,Generated_Price_78,Generated_Price_79,Generated_Price_80,Generated_Price_81,Generated_Price_82,Generated_Price_83,Generated_Price_84,Generated_Price_85,Generated_Price_86,Generated_Price_87,Generated_Price_88,Generated_Price_89,Generated_Price_90,Generated_Price_91,Generated_Price_92,Generated_Price_93,Generated_Price_94,Generated_Price_95,Generated_Price_96,Generated_Price_97,Generated_Price_98,Generated_Price_99,Generated_Price_100
2021-01-09,41772.11328125,43307.62890625,38520.26953125,30818.25,24921.8203125,31356.951171875,25225.35546875,40677.875,16736.2578125,38385.91015625,25352.396484375,49933.19921875,27598.189453125,26831.294921875,44387.26171875,37065.078125,20566.69921875,18865.09765625,44425.19140625,28072.724609375,48247.39453125,30026.794921875,44886.01171875,40885.140625,52889.74609375,20044.783203125,47910.8515625,44784.20703125,40377.30078125,21920.4296875,20970.22265625,24975.578125,26752.154296875,25962.48046875,26717.72265625,27307.80859375,28866.302734375,25454.462890625,32988.85546875,48423.203125,26196.158203125,30328.93359375,20848.822265625,32693.353515625,27422.689453125,50240.55859375,25434.765625,21014.58984375,35770.0703125,42933.625,30106.001953125,22783.662109375,19750.1875,38362.296875,28272.55078125,15865.7919921875,19901.283203125,15875.7919921875,24924.822265625,32588.47265625,19344.57421875,22243.416015625,38316.41015625,25753.052734375,27918.685546875,26521.001953125,29247.208984375,35027.58203125,33336.06640625,24805.451171875,19879.431640625,40695.51171875,35957.70703125,39924.8359375,23999.806640625,19725.560546875,20172.349609375,53825.32421875,36575.8984375,42480.390625,38133.76953125,20142.341796875,55914.40234375,24872.564453125,35545.8984375,20339.48046875,40844.4140625,19860.890625,44871.05078125,30165.85546875,26284.85546875,25435.61328125,29950.03515625,32783.68359375,37026.60546875,20940.359375,35546.05078125,27609.595703125,57763.73828125,19665.748046875
2021-01-10,39647.10546875,42055.4921875,38203.5078125,28545.537109375,24924.990234375,32229.533203125,25150.4375,38520.26953125,16687.33203125,38260.48046875,24049.57421875,49976.84375,26952.845703125,26847.951171875,47823.05859375,37784.14453125,18392.849609375,19731.4296875,47910.8515625,28549.08203125,47962.9375,30775.01171875,44539.5,41666.91796875,52087.0625,20113.36328125,46546.96484375,43083.34375,40512.3984375,22325.521484375,22469.162109375,23916.75390625,26393.15234375,27280.267578125,26368.09375,27598.189453125,30139.98046875,24924.98046875,34253.40625,50696.0859375,25914.65625,29713.658203125,20940.359375,32783.68359375,28653.017578125,50172.63671875,25271.92578125,21005.822265625,36515.671875,44849.703125,28606.67578125,23347.2265625,19973.794921875,37065.046875,28234.41796875,15809.0029296875,19598.34375,15746.6220703125,24657.96875,32288.650390625,19293.44140625,21996.9375,38630.59765625,24581.541015625,28022.041015625,27159.880859375,27786.228515625,35545.8984375,33764.22265625,25085.046875,19265.537109375,41166.6953125,32135.849609375,39890.16796875,24326.12109375,19740.73046875,19910.02734375,53531.98046875,36734.3828125,41772.11328125,37405.0546875,20515.224609375,53146.4453125,25021.5390625,37912.93359375,20384.904296875,38735.1640625,19603.666015625,44697.41015625,30019.2265625,26581.580078125,25488.7265625,29661.734375,33324.28515625,38316.41015625,20912.84765625,35645.95703125,28272.55078125,56588.421875,18918.7421875
2021-01-11,40040.984375,41104.5703125,36575.8984375,31689.203125,24924.822265625,31524.041015625,24743.68359375,38203.5078125,16322.2783203125,37332.50390625,25459.982421875,49008.61328125,27696.791015625,26758.697265625,46742.55859375,36902.015625,15849.8603515625,19910.8984375,46546.96484375,28281.734375,51235.53515625,32321.55078125,44871.05078125,40712.71875,50071.62890625,20369.7890625,46648.671875,42231.40625,42635.5859375,22171.482421875,23394.453125,23917.24609375,24520.5859375,27697.037109375,26284.85546875,26952.845703125,29555.0546875,25434.765625,34782.89453125,51189.44921875,25813.796875,29342.677734375,20912.84765625,33324.28515625,27637.302734375,50497.2734375,25352.396484375,21114.173828125,36660.19140625,44886.01171875,28842.556640625,22691.765625,20224.716796875,39494.44140625,27316.099609375,15862.076171875,19272.830078125,15794.0458984375,24829.97265625,38329.66796875,19544.50390625,22166.9296875,38821.85546875,25068.71484375,28072.724609375,26929.60546875,30682.9296875,37912.93359375,33643.08203125,25581.568359375,20142.341796875,41072.77734375,30877.94140625,39058.03515625,24227.376953125,20095.130859375,19033.146484375,53060.58203125,36914.7734375,39647.10546875,36841.98046875,20669.638671875,53339.00390625,25474.994140625,35809.015625,20070.548828125,38385.91015625,19598.5390625,42064.8828125,30071.78125,25610.46484375,26488.859375,30328.93359375,33889.109375,38630.59765625,21096.0078125,34623.734375,28234.41796875,56736.26171875,20044.783203125
2021-01-12,38879.828125,41680.41796875,36734.3828125,31356.951171875,24657.96875,29278.3203125,24502.44140625,36575.8984375,15708.3994140625,41192.19140625,24606.056640625,47210.01953125,26317.671875,26960.865234375,47155.5078125,37508.18359375,17255.771484375,19542.84375,46648.671875,28109.283203125,49624.296875,30322.69921875,44697.41015625,41926.33984375,51188.46484375,19901.283203125,47508.265625,41374.1015625,42877.15234375,21885.3359375,23277.884765625,23980.349609375,23921.724609375,27405.62109375,26581.580078125,27696.791015625,28341.4140625,25271.92578125,34692.2890625,50313.38671875,25454.462890625,25338.5078125,21096.0078125,33889.109375,27856.39453125,48985.828125,24049.57421875,20988.779296875,35865.9140625,44539.5,27422.689453125,23252.611328125,20064.068359375,39194.921875,27790.58203125,15678.6806640625,19245.86328125,15857.2529296875,24805.451171875,38362.296875,19613.130859375,20894.072265625,38176.5859375,25101.6484375,28549.08203125,26798.734375,32250.857421875,35809.015625,35590.078125,25435.61328125,20515.224609375,38498.73828125,31986.818359375,38170.50390625,24129.4140625,19376.4140625,19297.73046875,52591.9609375,36912.19921875,40040.984375,36606.8828125,21020.79296875,50086.53125,25475.59765625,35546.05078125,19924.640625,38260.48046875,19484.068359375,40885.140625,26591.064453125,26047.43359375,26269.95703125,29713.658203125,34206.4765625,38821.85546875,20786.662109375,36248.87109375,27316.099609375,56061.515625,20113.36328125
2021-01-13,39334.453125,41542.9921875,36914.7734375,32229.533203125,24829.97265625,28391.1640625,24488.30859375,36734.3828125,15852.6513671875,40032.6953125,24585.150390625,48948.37890625,25753.052734375,26752.154296875,48345.46484375,37388.88671875,16424.142578125,19412.43359375,47508.265625,27465.17578125,46876.453125,29221.080078125,42064.8828125,41629.80078125,50235.796875,19598.34375,47357.20703125,40534.26171875,42796.05078125,22164.501953125,23132.7421875,24071.607421875,23964.5625,27505.623046875,25610.46484375,26317.671875,28569.314453125,25352.396484375,33728.53515625,50560.609375,24924.98046875,27116.1484375,20786.662109375,34206.4765625,28690.759765625,49933.19921875,25459.982421875,21064.697265625,37377.12890625,44871.05078125,28653.017578125,23212.1640625,19925.734375,38864.359375,29501.521484375,15928.9072265625,18881.3359375,15902.8232421875,25085.046875,37065.046875,19160.00390625,20970.22265625,37360.546875,24893.0078125,28281.734375,26831.294921875,30485.841796875,35546.05078125,35077.26953125,25488.7265625,20669.638671875,38235.890625,32369.328125,38282.078125,24093.095703125,19485.4765625,19310.755859375,54603.7734375,37599.6015625,38879.828125,36513.359375,20577.681640625,51492.02734375,24921.8203125,35645.95703125,19975.6796875,37332.50390625,19443.509765625,41666.91796875,27232.396484375,26205.544921875,26202.021484375,29342.677734375,33999.8046875,38176.5859375,21168.353515625,35870.046875,27790.58203125,56335.5390625,20369.7890625
2021-01-14,38778.59375,41569.9140625,36912.19921875,31524.041015625,24805.451171875,29269.517578125,24813.755859375,36914.7734375,15832.53515625,41952.8046875,24635.1953125,48942.109375,24581.541015625,26393.15234375,47846.5234375,36729.046875,16213.078125,19982.44921875,47357.20703125,27661.828125,47727.08203125,29474.392578125,40885.140625,41105.72265625,51096.4609375,19272.830078125,49755.9609375,44721.85546875,42166.078125,22150.041015625,22855.736328125,23919.564453125,24081.244140625,27455.939453125,26047.43359375,25753.052734375,29219.5546875,24049.57421875,38516.01171875,49953.89453125,25434.765625,26340.009765625,21168.353515625,33999.8046875,27236.609375,49976.84375,24606.056640625,20587.609375,34702.27734375,44697.41015625,27637.302734375,23778.521484375,20172.349609375,40194.0546875,31119.447265625,16471.5390625,18476.548828125,15716.216796875,25581.568359375,39494.44140625,19464.439453125,22469.162109375,37218.8125,25785.673828125,28109.283203125,26847.951171875,29950.03515625,35645.95703125,33690.84375,26488.859375,21020.79296875,35814.0859375,32693.353515625,40011.64453125,24163.8828125,18945.2890625,21065.994140625,54214.62890625,38415.8203125,39334.453125,37765.5234375,22160.568359375,52889.74609375,24924.990234375,34623.734375,19710.349609375,41192.19140625,19485.171875,40712.71875,28266.576171875,26170.326171875,26458.6015625,25338.5078125,34270.41796875,37360.546875,21143.859375,37329.640625,29501.521484375,57219.65625,19901.283203125
2021-01-15,36335.328125,43354.8046875,37599.6015625,29278.3203125,25085.046875,30519.30859375,25008.22265625,36912.19921875,15491.1591796875,40578.53515625,24039.84375,50242.22265625,25068.71484375,24520.5859375,46010.484375,37869.94921875,15835.814453125,19915.501953125,49755.9609375,27613.984375,49129.87890625,27526.4921875,41666.91796875,40677.875,47323.1015625,19245.86328125,48601.88671875,45522.515625,41124.796875,21014.58984375,22720.060546875,24037.84765625,23971.8515625,27307.80859375,26205.544921875,24581.541015625,29764.078125,25459.982421875,39842.83984375,47371.30859375,25271.92578125,26538.091796875,21143.859375,34270.41796875,27630.46484375,49008.61328125,24585.150390625,19235.703125,34167.515625,42064.8828125,27856.39453125,23799.2265625,19910.02734375,39518.80859375,30859.5546875,16116.9619140625,18450.552734375,15573.189453125,25435.61328125,39194.921875,20848.822265625,23394.453125,37131.11328125,25732.861328125,27465.17578125,26758.697265625,29661.734375,34623.734375,33015.015625,26269.95703125,20577.681640625,35106.796875,32783.68359375,42168.41796875,24115.0078125,18865.09765625,21356.978515625,53180.63671875,37175.2890625,38778.59375,35814.59765625,22862.421875,52087.0625,24924.822265625,36248.87109375,19639.001953125,40032.6953125,19839.810546875,41926.33984375,29059.703125,26344.966796875,25995.521484375,27116.1484375,34367.76171875,37218.8125,21228.64453125,36895.96484375,31119.447265625,55914.40234375,19598.34375
2021-01-16,37065.078125,42933.625,38415.8203125,28391.1640625,25581.568359375,30026.794921875,24882.451171875,37599.6015625,15911.115234375,41076.52734375,24130.296875,50609.1953125,25101.6484375,23921.724609375,46692.53125,38444.49609375,16103.03515625,20014.087890625,48601.88671875,27504.669921875,48546.06640625,27497.93359375,40712.71875,38520.26953125,48423.203125,18881.3359375,49497.3671875,45178.68359375,41889.515625,21005.822265625,22626.390625,24014.712890625,23999.806640625,27598.189453125,26170.326171875,25068.71484375,28444.033203125,24606.056640625,39526.875,43486.58203125,25352.396484375,26654.59765625,21228.64453125,34367.76171875,27662.0625,47210.01953125,24635.1953125,19235.703125,33656.5625,40885.140625,28690.759765625,23717.8203125,19033.146484375,40700.7421875,31658.248046875,16218.2666015625,18496.458984375,15611.1494140625,25488.7265625,38864.359375,20940.359375,23277.884765625,37667.15234375,26717.72265625,27661.828125,26960.865234375,30328.93359375,36248.87109375,32145.03125,26202.021484375,22160.568359375,30403.203125,33324.28515625,41810.28125,25509.8671875,19731.4296875,21616.78515625,52915.76171875,37756.0703125,36335.328125,37180.76953125,22818.6953125,50071.62890625,24657.96875,35870.046875,19739.6796875,41952.8046875,19572.322265625,41629.80078125,26502.841796875,25783.212890625,26380.189453125,26340.009765625,32702.763671875,37131.11328125,21182.890625,37777.125,30859.5546875,53146.4453125,19272.830078125
2021-01-17,37784.14453125,44849.703125,37175.2890625,29269.517578125,25435.61328125,30775.01171875,25280.462890625,38415.8203125,15853.267578125,41047.3203125,24067.697265625,50273.60546875,24893.0078125,23964.5625,40695.51171875,38133.76953125,16301.791015625,19912.349609375,49497.3671875,27635.5625,48839.94140625,30664.52734375,41926.33984375,38203.5078125,50696.0859375,18476.548828125,49455.80859375,44170.96875,41529.1484375,21114.173828125,22494.580078125,24530.3046875,24326.12109375,26952.845703125,26344.966796875,25101.6484375,28957.701171875,24585.150390625,38362.70703125,43672.8671875,24049.57421875,26775.673828125,21182.890625,32702.763671875,27268.7421875,48948.37890625,24039.84375,18943.587890625,32338.11328125,41666.91796875,27236.609375,23753.2421875,19297.73046875,43293.16796875,32588.47265625,16045.78125,19391.966796875,15478.65625,26488.859375,40194.0546875,20912.84765625,23132.7421875,39255.91015625,26368.09375,27613.984375,26752.154296875,29713.658203125,35870.046875,33576.1875,26458.6015625,22862.421875,33359.13671875,33889.109375,42166.0703125,24975.578125,19910.8984375,22084.77734375,53263.6015625,37824.1328125,37065.078125,37866.671875,22665.82421875,51188.46484375,24829.97265625,37329.640625,19844.625,40578.53515625,20170.08984375,41105.72265625,26965.501953125,25825.0546875,26401.185546875,26538.091796875,32490.47265625,37667.15234375,21867.869140625,38129.12890625,31658.248046875,53339.00390625,19245.86328125
2021-01-18,36902.015625,44886.01171875,37756.0703125,30519.30859375,25488.7265625,32321.55078125,24902.060546875,37175.2890625,15875.7919921875,42935.9921875,24021.91796875,53123.62890625,25785.673828125,24081.244140625,41166.6953125,37405.0546875,16038.634765625,19824.3125,49455.80859375,27802.66015625,48812.30859375,30150.48828125,41629.80078125,36575.8984375,51189.44921875,18450.552734375,53099.58984375,48047.05078125,42054.78515625,20988.779296875,22084.509765625,24194.5859375,24227.376953125,27696.791015625,25783.212890625,24893.0078125,28707.89453125,24635.1953125,35806.6796875,44827.5859375,25459.982421875,25144.740234375,21867.869140625,32490.47265625,26674.6015625,48942.109375,24130.296875,19379.52734375,28681.095703125,40712.71875,27630.46484375,23484.271484375,19310.755859375,42739.44921875,32288.650390625,16247.1357421875,19685.341796875,15426.75,26269.95703125,39518.80859375,21096.0078125,22855.736328125,38654.78515625,26284.85546875,27504.669921875,26393.15234375,29342.677734375,37329.640625,34536.40625,25995.521484375,22818.6953125,30627.822265625,34206.4765625,42187.3046875,23916.75390625,19542.84375,20340.89453125,54741.9375,37800.52734375,37784.14453125,36618.8671875,22243.416015625,50235.796875,24805.451171875,36895.96484375,19735.287109375,41076.52734375,20577.94140625,40677.875,29013.7421875,25183.92578125,26437.544921875,26654.59765625,36247.984375,39255.91015625,21050.04296875,37353.0390625,32588.47265625,50086.53125,18881.3359375
2021-01-19,37508.18359375,44539.5,37824.1328125,30026.794921875,26488.859375,30322.69921875,24855.890625,37756.0703125,15746.6220703125,44086.50390625,23170.25390625,52664.09375,25732.861328125,23971.8515625,41072.77734375,36841.98046875,16106.125,19699.3984375,53099.58984375,27279.845703125,48405.2109375,30832.0546875,41105.72265625,36734.3828125,50313.38671875,18496.458984375,52494.6015625,48110.046875,42480.390625,21064.697265625,22861.046875,24185.26953125,24129.4140625,26317.671875,25825.0546875,25785.673828125,27752.7109375,24039.84375,36057.16796875,44974.98046875,24606.056640625,27609.595703125,21050.04296875,36247.984375,26849.146484375,50242.22265625,24067.697265625,20749.80078125,29463.818359375,41926.33984375,27662.0625,22928.55078125,21065.994140625,46119.0,38329.66796875,16171.7978515625,20175.70703125,15528.423828125,26202.021484375,40700.7421875,20786.662109375,22720.060546875,35673.9375,26581.580078125,27635.5625,24520.5859375,25338.5078125,36895.96484375,36399.93359375,26380.189453125,22665.82421875,30818.25,33999.8046875,40591.27734375,23917.24609375,19412.43359375,20277.40234375,58305.0390625,37028.76171875,36902.015625,35770.0703125,21996.9375,51096.4609375,25085.046875,37777.125,19613.884765625,41047.3203125,20353.0234375,38520.26953125,28866.302734375,25225.35546875,26074.796875,26775.673828125,36195.83203125,38654.78515625,21305.564453125,37286.5,32288.650390625,51492.02734375,18476.548828125
2021-01-20,37388.88671875,44871.05078125,37800.52734375,30775.01171875,26269.95703125,29221.080078125,25079.349609375,37824.1328125,15794.0458984375,46082.24609375,23366.4921875,52896.38671875,26717.72265625,23999.806640625,38498.73828125,36606.8828125,16141.69140625,19441.177734375,52494.6015625,28044.08984375,45699.40625,29360.513671875,40677.875,36914.7734375,50560.609375,19391.966796875,53079.34765625,47088.5703125,41772.11328125,20587.609375,22539.021484375,24104.98046875,24093.095703125,25753.052734375,25183.92578125,25732.861328125,28454.8828125,24130.296875,35332.9765625,44519.9765625,24585.150390625,28272.55078125,21305.564453125,36195.83203125,27443.30859375,50609.1953125,24021.91796875,22565.94140625,27527.0390625,41629.80078125,27268.7421875,23007.748046875,21356.978515625,46293.4375,38362.296875,16326.0986328125,21278.9453125,15630.7392578125,26458.6015625,43293.16796875,21168.353515625,22626.390625,35356.63671875,25610.46484375,27802.66015625,23921.724609375,27116.1484375,37777.125,37878.578125,26401.185546875,22243.416015625,28545.537109375,34270.41796875,41589.10546875,23980.349609375,19982.44921875,19725.560546875,57763.73828125,37403.78515625,37508.18359375,36515.671875,22166.9296875,47323.1015625,25581.568359375,38129.12890625,19782.62890625,42935.9921875,20667.62109375,38203.5078125,30139.98046875,25150.4375,25829.869140625,25144.740234375,37026.60546875,35673.9375,21541.990234375,38404.8671875,38329.66796875,52889.74609375,18450.552734375
2021-01-21,36729.046875,44697.41015625,37028.76171875,32321.55078125,26202.021484375,29474.392578125,24719.412109375,37800.52734375,15857.2529296875,46969.328125,24029.07421875,51386.25,26368.09375,24326.12109375,38235.890625,36513.359375,16153.44921875,19955.748046875,53079.34765625,26979.12109375,46230.26953125,32286.505859375,38520.26953125,36912.19921875,49953.89453125,19685.341796875,53408.671875,47432.76953125,39647.10546875,19235.703125,22783.662109375,23412.44140625,24163.8828125,24581.541015625,25225.35546875,26717.72265625,28223.0703125,24067.697265625,35027.58203125,42211.375,24635.1953125,28234.41796875,21541.990234375,37026.60546875,29448.53125,50273.60546875,23170.25390625,23069.6015625,27988.466796875,41105.72265625,26674.6015625,20802.666015625,21616.78515625,47456.125,37065.046875,16027.47265625,21332.7421875,15817.341796875,25995.521484375,42739.44921875,21143.859375,22494.580078125,35437.171875,26047.43359375,27279.845703125,23964.5625,26340.009765625,38129.12890625,37281.74609375,26437.544921875,21996.9375,31689.203125,34367.76171875,39938.91015625,24071.607421875,19915.501953125,19740.73046875,56588.421875,36800.8828125,37388.88671875,36660.19140625,20894.072265625,48423.203125,25435.61328125,37353.0390625,19860.890625,44086.50390625,20891.52734375,36575.8984375,29555.0546875,24743.68359375,25296.39453125,27609.595703125,38316.41015625,35356.63671875,21524.57421875,38973.3125,38362.296875,52087.0625,18496.458984375
2021-01-22,37869.94921875,42064.8828125,37403.78515625,30322.69921875,26458.6015625,27526.4921875,24837.51171875,37028.76171875,15902.8232421875,48247.39453125,24196.294921875,50646.05078125,26284.85546875,24227.376953125,35814.0859375,37765.5234375,15770.0380859375,20369.748046875,53408.671875,26961.966796875,44675.62890625,33178.515625,38203.5078125,37599.6015625,47371.30859375,20175.70703125,55238.7734375,44387.26171875,40040.984375,19235.703125,23347.2265625,24023.845703125,24115.0078125,25068.71484375,25150.4375,26368.09375,28840.88671875,24021.91796875,35545.8984375,41739.88671875,24039.84375,27316.099609375,21524.57421875,38316.41015625,29616.634765625,53123.62890625,23366.4921875,23035.966796875,28124.6640625,40677.875,26849.146484375,21088.04296875,22084.77734375,44563.2421875,39494.44140625,16326.2177734375,21196.376953125,15899.841796875,26380.189453125,46119.0,21228.64453125,22084.509765625,33958.7734375,26205.544921875,28044.08984375,24081.244140625,26538.091796875,37353.0390625,39501.9296875,26074.796875,22166.9296875,31356.951171875,32702.763671875,41591.3515625,23919.564453125,20014.087890625,20095.130859375,56736.26171875,35957.70703125,36729.046875,35865.9140625,20970.22265625,50696.0859375,25488.7265625,37286.5,19603.666015625,46082.24609375,20729.8046875,36734.3828125,28341.4140625,24502.44140625,25396.322265625,28272.55078125,38630.59765625,35437.171875,21701.173828125,39933.27734375,37065.046875,50071.62890625,19391.966796875
2021-01-23,38444.49609375,40885.140625,36800.8828125,29221.080078125,25995.521484375,27497.93359375,25280.44921875,37403.78515625,15716.216796875,47962.9375,24065.609375,46968.79296875,26581.580078125,24129.4140625,35106.796875,35814.59765625,15408.91015625,20339.48046875,55238.7734375,26939.876953125,43907.328125,33325.59375,36575.8984375,38415.8203125,43486.58203125,21278.9453125,56634.0625,47823.05859375,38879.828125,18943.587890625,22691.765625,24437.322265625,25509.8671875,25101.6484375,24743.68359375,26284.85546875,27948.556640625,23170.25390625,37912.93359375,43617.99609375,24130.296875,27790.58203125,21701.173828125,38630.59765625,27979.697265625,52664.09375,24029.07421875,23604.212890625,28910.4609375,38520.26953125,27443.30859375,21450.439453125,20340.89453125,40181.33203125,39194.921875,16244.91796875,20517.044921875,16002.5439453125,26401.185546875,46293.4375,21182.890625,22861.046875,32783.4453125,26170.326171875,26979.12109375,23971.8515625,26654.59765625,37286.5,38895.97265625,25829.869140625,20894.072265625,32229.533203125,32490.47265625,41458.87109375,24037.84765625,19912.349609375,19376.4140625,56061.515625,32135.849609375,37869.94921875,37377.12890625,22469.162109375,51189.44921875,26488.859375,38404.8671875,19598.5390625,46969.328125,20732.3984375,36914.7734375,28569.314453125,24488.30859375,25552.80859375,28234.41796875,38821.85546875,33958.7734375,21580.79296875,40377.30078125,39494.44140625,51188.46484375,19685.341796875
2021-01-24,38133.76953125,41666.91796875,35957.70703125,29474.392578125,26380.189453125,30664.52734375,24484.876953125,36800.8828125,15573.189453125,51235.53515625,24580.533203125,46276.83203125,25610.46484375,24093.095703125,30403.203125,37180.76953125,15701.486328125,20384.904296875,56634.0625,26828.544921875,46749.44140625,31969.333984375,36734.3828125,37175.2890625,43672.8671875,21332.7421875,53515.7421875,46742.55859375,39334.453125,19379.52734375,23252.611328125,24954.43359375,24975.578125,24893.0078125,24502.44140625,26581.580078125,27772.1953125,23366.4921875,35809.015625,44292.69140625,24067.697265625,29501.521484375,21580.79296875,38821.85546875,28337.810546875,52896.38671875,24196.294921875,25505.626953125,30106.001953125,38203.5078125,29448.53125,21531.794921875,20277.40234375,40844.4140625,38864.359375,16248.85546875,19879.431640625,15896.708984375,26437.544921875,47456.125,21867.869140625,22539.021484375,33795.61328125,26344.966796875,26961.966796875,23999.806640625,26775.673828125,38404.8671875,38829.91015625,25296.39453125,20970.22265625,31524.041015625,36247.984375,41386.45703125,24014.712890625,19824.3125,19485.4765625,56335.5390625,30877.94140625,38444.49609375,34702.27734375,23394.453125,50313.38671875,26269.95703125,38973.3125,19484.068359375,48247.39453125,20739.0859375,36912.19921875,29219.5546875,24813.755859375,25552.171875,27316.099609375,38176.5859375,32783.4453125,21276.3671875,40512.3984375,39194.921875,50235.796875,20175.70703125
2021-01-25,37405.0546875,40712.71875,32135.849609375,27526.4921875,26401.185546875,30150.48828125,24689.779296875,35957.70703125,15611.1494140625,49624.296875,25940.92578125,46933.71875,26047.43359375,24163.8828125,33359.13671875,37866.671875,15944.1689453125,20070.548828125,53515.7421875,26590.166015625,47458.4296875,31943.0625,36914.7734375,37756.0703125,44827.5859375,21196.376953125,52123.00390625,47155.5078125,38778.59375,20749.80078125,23212.1640625,24936.5234375,23916.75390625,25785.673828125,24488.30859375,25610.46484375,27737.478515625,24029.07421875,35546.05078125,41421.28125,24021.91796875,31119.447265625,21276.3671875,38176.5859375,27708.939453125,51386.25,24065.609375,25025.171875,28606.67578125,36575.8984375,29616.634765625,21600.099609375,19725.560546875,38735.1640625,40194.0546875,16257.107421875,19265.537109375,15900.0986328125,26074.796875,44563.2421875,21050.04296875,22783.662109375,32988.85546875,25783.212890625,26939.876953125,24326.12109375,25144.740234375,38973.3125,37857.078125,25396.322265625,22469.162109375,29278.3203125,36195.83203125,39888.60546875,24530.3046875,19699.3984375,18945.2890625,57219.65625,31986.818359375,38133.76953125,34167.515625,23277.884765625,50560.609375,26202.021484375,39933.27734375,19443.509765625,47962.9375,20541.525390625,37599.6015625,29764.078125,25008.22265625,25811.17578125,27790.58203125,37360.546875,33795.61328125,21213.240234375,42635.5859375,38864.359375,51096.4609375,21278.9453125
2021-01-26,36841.98046875,41926.33984375,30877.94140625,27497.93359375,26437.544921875,30832.0546875,24898.37109375,32135.849609375,15478.65625,46876.453125,27317.93359375,44784.20703125,26205.544921875,24115.0078125,30627.822265625,36618.8671875,15953.935546875,19924.640625,52123.00390625,26696.830078125,47471.80078125,30165.85546875,36912.19921875,37824.1328125,44974.98046875,20517.044921875,52734.6015625,48345.46484375,36335.328125,22565.94140625,23778.521484375,24898.650390625,23917.24609375,25732.861328125,24813.755859375,26047.43359375,26906.45703125,24196.294921875,35645.95703125,41405.48828125,23170.25390625,30859.5546875,21213.240234375,37360.546875,27831.8125,50646.05078125,24580.533203125,26251.658203125,28842.556640625,36734.3828125,27979.697265625,21463.26953125,19740.73046875,38385.91015625,39518.80859375,16322.681640625,20142.341796875,16028.5537109375,25829.869140625,40181.33203125,21305.564453125,23347.2265625,34253.40625,25825.0546875,26828.544921875,24227.376953125,27609.595703125,39933.27734375,40514.828125,25552.80859375,23394.453125,28391.1640625,37026.60546875,39937.78125,24194.5859375,19441.177734375,18865.09765625,55914.40234375,32369.328125,37405.0546875,33656.5625,23132.7421875,49953.89453125,26458.6015625,40377.30078125,19485.171875,51235.53515625,20729.2421875,38415.8203125,28444.033203125,24882.451171875,27021.16796875,29501.521484375,37218.8125,32988.85546875,21680.203125,42877.15234375,40194.0546875,47323.1015625,21332.7421875
2021-01-27,36606.8828125,41629.80078125,31986.818359375,30664.52734375,26074.796875,29360.513671875,25037.275390625,30877.94140625,15426.75,47727.08203125,27303.2421875,43083.34375,26170.326171875,25509.8671875,30818.25,35770.0703125,15865.7919921875,19975.6796875,52734.6015625,26756.26953125,49071.7890625,30019.2265625,37599.6015625,37800.52734375,44519.9765625,19879.431640625,52347.99609375,47846.5234375,37065.078125,23069.6015625,23799.2265625,24872.564453125,23980.349609375,26717.72265625,25008.22265625,26205.544921875,26616.2421875,24065.609375,34623.734375,43307.62890625,23366.4921875,31658.248046875,21680.203125,37218.8125,27881.7421875,46968.79296875,25940.92578125,25905.3046875,27422.689453125,36914.7734375,28337.810546875,21664.15234375,20095.130859375,38260.48046875,40700.7421875,16736.2578125,20515.224609375,16022.666015625,25296.39453125,40844.4140625,21541.990234375,22691.765625,34782.89453125,25183.92578125,26590.166015625,24129.4140625,28272.55078125,40377.30078125,39924.8359375,25552.171875,23277.884765625,29269.517578125,38316.41015625,41250.73046875,24185.26953125,19955.748046875,19731.4296875,53146.4453125,32693.353515625,36841.98046875,32338.11328125,22855.736328125,47371.30859375,25995.521484375,40512.3984375,19839.810546875,49624.296875,21184.30078125,37175.2890625,28957.701171875,25280.462890625,26876.296875,31119.447265625,37131.11328125,34253.40625,21407.873046875,42796.05078125,39518.80859375,48423.203125,21196.376953125
2021-01-28,36513.359375,41105.72265625,32369.328125,30150.48828125,25829.869140625,32286.505859375,26196.158203125,31986.818359375,15528.423828125,49129.87890625,28118.583984375,42231.40625,26344.966796875,24975.578125,28545.537109375,36515.671875,15809.0029296875,19710.349609375,52347.99609375,26865.529296875,50257.0859375,30071.78125,38415.8203125,37028.76171875,42211.375,19265.537109375,54303.453125,46010.484375,37784.14453125,23035.966796875,23717.8203125,25021.5390625,24071.607421875,26368.09375,24882.451171875,26170.326171875,26710.71484375,24580.533203125,36248.87109375,42055.4921875,24029.07421875,32588.47265625,21407.873046875,37131.11328125,29346.384765625,46276.83203125,27317.93359375,26153.638671875,28653.017578125,36912.19921875,27708.939453125,20333.21875,19376.4140625,37332.50390625,43293.16796875,16687.33203125,20669.638671875,16246.458984375,25396.322265625,38735.1640625,21524.57421875,23252.611328125,34692.2890625,25225.35546875,26696.830078125,24093.095703125,28234.41796875,40512.3984375,39890.16796875,25811.17578125,23132.7421875,30519.30859375,38630.59765625,41543.1171875,24104.98046875,20369.748046875,19910.8984375,53339.00390625,32783.68359375,36606.8828125,28681.095703125,22720.060546875,43486.58203125,26380.189453125,42635.5859375,19572.322265625,46876.453125,21317.80859375,37756.0703125,28707.89453125,24902.060546875,26882.20703125,30859.5546875,37667.15234375,34782.89453125,20316.77734375,42166.078125,40700.7421875,50696.0859375,20517.044921875
2021-01-29,37765.5234375,40677.875,32693.353515625,30832.0546875,25296.39453125,33178.515625,25914.65625,32369.328125,15630.7392578125,48546.06640625,27984.1328125,41374.1015625,25783.212890625,23916.75390625,31689.203125,36660.19140625,15862.076171875,19639.001953125,54303.453125,26752.763671875,50240.55859375,26591.064453125,37175.2890625,37403.78515625,41739.88671875,20142.341796875,52053.44921875,46692.53125,36902.015625,23604.212890625,23753.2421875,25474.994140625,23919.564453125,26284.85546875,25280.462890625,26344.966796875,26917.8125,25940.92578125,35870.046875,41104.5703125,24196.294921875,32288.650390625,20316.77734375,37667.15234375,29123.798828125,46933.71875,27303.2421875,25124.20703125,27637.302734375,37599.6015625,27831.8125,20112.125,19485.4765625,41192.19140625,42739.44921875,16322.2783203125,21020.79296875,16659.3671875,25552.80859375,38385.91015625,21701.173828125,23212.1640625,33728.53515625,25150.4375,26756.26953125,24163.8828125,27316.099609375,42635.5859375,39058.03515625,27021.16796875,22855.736328125,30026.794921875,38821.85546875,42112.26171875,23412.44140625,20339.48046875,19542.84375,50086.53125,33324.28515625,36513.359375,29463.818359375,22626.390625,43672.8671875,26401.185546875,42877.15234375,20170.08984375,47727.08203125,21077.32421875,37824.1328125,27752.7109375,24855.890625,27129.1875,31658.248046875,39255.91015625,34692.2890625,20256.5234375,41124.796875,43293.16796875,51189.44921875,19879.431640625
2021-01-30,35814.59765625,38520.26953125,32783.68359375,29360.513671875,25396.322265625,33325.59375,25813.796875,32693.353515625,15817.341796875,48839.94140625,27947.595703125,40534.26171875,25825.0546875,23917.24609375,31356.951171875,35865.9140625,15678.6806640625,19739.6796875,52053.44921875,27041.06640625,50172.63671875,27232.396484375,37756.0703125,36800.8828125,43617.99609375,20515.224609375,50421.9375,40695.51171875,37508.18359375,25505.626953125,23484.271484375,25475.59765625,24037.84765625,26581.580078125,24902.060546875,25783.212890625,26134.5390625,27317.93359375,37329.640625,41680.41796875,24065.609375,38329.66796875,20256.5234375,39255.91015625,28192.89453125,44784.20703125,28118.583984375,26151.009765625,27856.39453125,38415.8203125,27881.7421875,19742.873046875,18945.2890625,40032.6953125,46119.0,15708.3994140625,20577.681640625,17375.474609375,25552.171875,38260.48046875,21580.79296875,23778.521484375,38516.01171875,24743.68359375,26865.529296875,24115.0078125,27790.58203125,42877.15234375,38170.50390625,26876.296875,22720.060546875,30775.01171875,38176.5859375,42028.5546875,24023.845703125,20384.904296875,19412.43359375,51492.02734375,33889.109375,37765.5234375,27527.0390625,22494.580078125,44827.5859375,26437.544921875,42796.05078125,20577.94140625,49129.87890625,20566.69921875,37800.52734375,28454.8828125,25079.349609375,28007.34765625,32588.47265625,38654.78515625,33728.53515625,20462.0625,41889.515625,42739.44921875,50313.38671875,19265.537109375
2021-01-31,37180.76953125,38203.5078125,33324.28515625,32286.505859375,25552.80859375,31969.333984375,25454.462890625,32783.68359375,15899.841796875,48812.30859375,27746.609375,44721.85546875,25183.92578125,23980.349609375,32229.533203125,37377.12890625,15928.9072265625,19844.625,50421.9375,26373.333984375,50497.2734375,28266.576171875,37824.1328125,35957.70703125,44292.69140625,20669.638671875,51892.3046875,41166.6953125,37388.88671875,25025.171875,22928.55078125,24921.8203125,24014.712890625,25610.46484375,24855.890625,25825.0546875,25299.8515625,27303.2421875,36895.96484375,41542.9921875,24580.533203125,38362.296875,20462.0625,38654.78515625,28356.046875,43083.34375,27984.1328125,25512.39453125,28690.759765625,37175.2890625,29346.384765625,20276.1953125,18865.09765625,41952.8046875,46293.4375,15852.6513671875,22160.568359375,18355.751953125,25811.17578125,37332.50390625,21276.3671875,23799.2265625,39842.83984375,24502.44140625,26752.763671875,25509.8671875,29501.521484375,42796.05078125,38282.078125,26882.20703125,22626.390625,32321.55078125,37360.546875,43543.5078125,24437.322265625,20070.548828125,19982.44921875,52889.74609375,34206.4765625,35814.59765625,27988.466796875,22084.509765625,44974.98046875,26074.796875,42166.078125,20353.0234375,48546.06640625,18392.849609375,37028.76171875,28223.0703125,24719.412109375,28229.517578125,32288.650390625,35673.9375,38516.01171875,20405.873046875,41529.1484375,46119.0,50560.609375,20142.341796875
2021-02-01,37866.671875,36575.8984375,33889.109375,33178.515625,25552.171875,31943.0625,24924.98046875,33324.28515625,16002.5439453125,48405.2109375,28006.048828125,45522.515625,25225.35546875,24071.607421875,31524.041015625,34702.27734375,16471.5390625,19735.287109375,51892.3046875,26449.912109375,48985.828125,29059.703125,37800.52734375,32135.849609375,41421.28125,21020.79296875,53825.32421875,41072.77734375,36729.046875,26251.658203125,23007.748046875,24924.990234375,24530.3046875,26047.43359375,25079.349609375,25183.92578125,27227.458984375,28118.583984375,37777.125,41569.9140625,25940.92578125,37065.046875,20405.873046875,35673.9375,27648.169921875,42231.40625,27947.595703125,25513.712890625,27236.609375,37756.0703125,29123.798828125,19750.1875,19731.4296875,40578.53515625,47456.125,15832.53515625,22862.421875,19344.57421875,27021.16796875,41192.19140625,21213.240234375,23717.8203125,39526.875,24488.30859375,27041.06640625,24975.578125,31119.447265625,42166.078125,40011.64453125,27129.1875,22494.580078125,30322.69921875,37218.8125,44329.0703125,24954.43359375,19924.640625,19915.501953125,52087.0625,33999.8046875,37180.76953125,28124.6640625,22861.046875,44519.9765625,25829.869140625,41124.796875,20667.62109375,48839.94140625,15849.8603515625,37403.78515625,28840.88671875,24837.51171875,28324.646484375,38329.66796875,35356.63671875,39842.83984375,20322.708984375,42054.78515625,46293.4375,49953.89453125,20515.224609375
2021-02-02,36618.8671875,36734.3828125,34206.4765625,33325.59375,25811.17578125,30165.85546875,25434.765625,33889.109375,15896.708984375,45699.40625,27560.505859375,45178.68359375,25150.4375,23919.564453125,29278.3203125,34167.515625,16116.9619140625,19613.884765625,53825.32421875,26498.29296875,49933.19921875,26502.841796875,37028.76171875,30877.94140625,41405.48828125,20577.681640625,53531.98046875,38498.73828125,37869.94921875,25905.3046875,20802.666015625,24924.822265625,24194.5859375,26205.544921875,24719.412109375,25225.35546875,27447.947265625,27984.1328125,38129.12890625,43354.8046875,27317.93359375,39494.44140625,20322.708984375,35356.63671875,26958.935546875,41374.1015625,27746.609375,25974.146484375,27630.46484375,37824.1328125,28192.89453125,19973.794921875,19910.8984375,41076.52734375,44563.2421875,15491.1591796875,22818.6953125,19293.44140625,26876.296875,40032.6953125,21680.203125,23753.2421875,38362.70703125,24813.755859375,26373.333984375,23916.75390625,30859.5546875,41124.796875,42168.41796875,28007.34765625,22084.509765625,29221.080078125,37131.11328125,39521.41796875,24936.5234375,19975.6796875,20014.087890625,50071.62890625,34270.41796875,37866.671875,28910.4609375,22539.021484375,42211.375,25296.39453125,41889.515625,20891.52734375,48812.30859375,17255.771484375,36800.8828125,27948.556640625,25280.44921875,31008.6484375,38362.296875,35437.171875,39526.875,20698.390625,42480.390625,47456.125,47371.30859375,20669.638671875
2021-02-03,35770.0703125,36914.7734375,33999.8046875,31969.333984375,27021.16796875,30019.2265625,25271.92578125,34206.4765625,15900.0986328125,46230.26953125,28014.8984375,44170.96875,24743.68359375,24037.84765625,28391.1640625,33656.5625,16218.2666015625,19782.62890625,53531.98046875,26607.666015625,49976.84375,26965.501953125,37403.78515625,31986.818359375,43307.62890625,22160.568359375,53060.58203125,38235.890625,38444.49609375,26153.638671875,21088.04296875,24657.96875,24185.26953125,26170.326171875,24837.51171875,25150.4375,28527.830078125,27947.595703125,37353.0390625,42933.625,27303.2421875,39194.921875,20698.390625,35437.171875,25513.984375,40534.26171875,28006.048828125,25114.818359375,27662.0625,37800.52734375,28356.046875,20224.716796875,19542.84375,41047.3203125,40181.33203125,15911.115234375,22665.82421875,19544.50390625,26882.20703125,41952.8046875,21407.873046875,23484.271484375,35806.6796875,25008.22265625,26449.912109375,23917.24609375,31658.248046875,41889.515625,41810.28125,28229.517578125,22861.046875,29474.392578125,37667.15234375,38997.87890625,24898.650390625,19710.349609375,19912.349609375,51188.46484375,34367.76171875,36618.8671875,30106.001953125,22783.662109375,41739.88671875,25396.322265625,41529.1484375,20729.8046875,48405.2109375,16424.142578125,35957.70703125,27772.1953125,24484.876953125,31996.87109375,37065.046875,33958.7734375,38362.70703125,22735.5625,41772.11328125,44563.2421875,43486.58203125,21020.79296875
2021-02-04,36515.671875,36912.19921875,34270.41796875,31943.0625,26876.296875,30071.78125,25352.396484375,33999.8046875,16028.5537109375,44675.62890625,27918.685546875,48047.05078125,24502.44140625,24014.712890625,29269.517578125,32338.11328125,16045.78125,19860.890625,53060.58203125,26577.896484375,49008.61328125,29013.7421875,36800.8828125,32369.328125,42055.4921875,22862.421875,52591.9609375,35814.0859375,38133.76953125,25124.20703125,21450.439453125,24829.97265625,24104.98046875,26344.966796875,25280.44921875,24743.68359375,29132.255859375,27746.609375,37286.5,44849.703125,28118.583984375,38864.359375,22735.5625,33958.7734375,21592.951171875,44721.85546875,27560.505859375,25156.841796875,27268.7421875,37028.76171875,27648.169921875,20064.068359375,19412.43359375,42935.9921875,40844.4140625,15853.267578125,22243.416015625,19613.130859375,27129.1875,40578.53515625,20316.77734375,22928.55078125,36057.16796875,24882.451171875,26498.29296875,23980.349609375,32588.47265625,41529.1484375,42166.0703125,28324.646484375,22539.021484375,27526.4921875,39255.91015625,39233.2265625,24872.564453125,19639.001953125,19824.3125,50235.796875,32702.763671875,35770.0703125,28606.67578125,23347.2265625,43617.99609375,25552.80859375,42054.78515625,20732.3984375,45699.40625,16213.078125,32135.849609375,27737.478515625,24689.779296875,32653.228515625,39494.44140625,32783.4453125,35806.6796875,22149.275390625,39647.10546875,40181.33203125,43672.8671875,20577.681640625
2021-02-05,36660.19140625,37599.6015625,34367.76171875,30165.85546875,26882.20703125,26591.064453125,24049.57421875,34270.41796875,16022.666015625,43907.328125,28022.041015625,48110.046875,24488.30859375,24530.3046875,30519.30859375,28681.095703125,16247.1357421875,19603.666015625,52591.9609375,26612.046875,47210.01953125,28866.302734375,35957.70703125,32693.353515625,41104.5703125,22818.6953125,54603.7734375,35106.796875,37405.0546875,26151.009765625,21531.794921875,24805.451171875,23412.44140625,25783.212890625,24484.876953125,24502.44140625,30026.51953125,28006.048828125,38404.8671875,44886.01171875,27984.1328125,40194.0546875,22149.275390625,32783.4453125,21274.751953125,45522.515625,28014.8984375,26145.060546875,26674.6015625,37403.78515625,26958.935546875,19925.734375,19982.44921875,44086.50390625,38735.1640625,15875.7919921875,21996.9375,19160.00390625,28007.34765625,41076.52734375,20256.5234375,23007.748046875,35332.9765625,25280.462890625,26607.666015625,24071.607421875,32288.650390625,42054.78515625,42187.3046875,31008.6484375,22783.662109375,27497.93359375,38654.78515625,38002.7578125,25021.5390625,19739.6796875,19699.3984375,51096.4609375,32490.47265625,36515.671875,28842.556640625,22691.765625,44292.69140625,25552.171875,42480.390625,20739.0859375,46230.26953125,15835.814453125,30877.94140625,26906.45703125,24898.37109375,32333.435546875,39194.921875,33795.61328125,36057.16796875,22923.21875,40040.984375,40844.4140625,44827.5859375,22160.568359375
2021-02-06,35865.9140625,38415.8203125,32702.763671875,30019.2265625,27129.1875,27232.396484375,25459.982421875,34367.76171875,16246.458984375,46749.44140625,28072.724609375,47088.5703125,24813.755859375,24194.5859375,30026.794921875,29463.818359375,16171.7978515625,19598.5390625,54603.7734375,26556.158203125,48948.37890625,30139.98046875,32135.849609375,32783.68359375,41680.41796875,22665.82421875,54214.62890625,30403.203125,36841.98046875,25512.39453125,21600.099609375,25085.046875,24023.845703125,25825.0546875,24689.779296875,24488.30859375,31628.84765625,27560.505859375,38973.3125,44539.5,27947.595703125,39518.80859375,22923.21875,33795.61328125,21586.8359375,45178.68359375,27918.685546875,25708.375,26849.146484375,36800.8828125,25513.984375,20172.349609375,19915.501953125,46082.24609375,38385.91015625,15746.6220703125,22166.9296875,19464.439453125,28229.517578125,41047.3203125,20462.0625,20802.666015625,35027.58203125,24902.060546875,26577.896484375,23919.564453125,38329.66796875,42480.390625,40591.27734375,31996.87109375,23347.2265625,30664.52734375,35673.9375,38258.65234375,25474.994140625,19844.625,19441.177734375,47323.1015625,36247.984375,36660.19140625,27422.689453125,23252.611328125,41421.28125,25811.17578125,41772.11328125,20541.525390625,44675.62890625,16103.03515625,31986.818359375,26616.2421875,25037.275390625,32080.365234375,38864.359375,32988.85546875,35332.9765625,22993.78515625,38879.828125,38735.1640625,44974.98046875,22862.421875
2021-02-07,37377.12890625,37175.2890625,32490.47265625,30071.78125,28007.34765625,28266.576171875,24606.056640625,32702.763671875,16659.3671875,47458.4296875,28549.08203125,47432.76953125,25008.22265625,24185.26953125,30775.01171875,27527.0390625,16326.0986328125,19484.068359375,54214.62890625,26580.546875,48942.109375,29555.0546875,30877.94140625,33324.28515625,41542.9921875,22243.416015625,53180.63671875,33359.13671875,36606.8828125,25513.712890625,21463.26953125,25581.568359375,24437.322265625,25183.92578125,24898.37109375,24813.755859375,33336.06640625,28014.8984375,39933.27734375,44871.05078125,27746.609375,40700.7421875,22993.78515625,32988.85546875,19324.80078125,44170.96875,28022.041015625,26205.189453125,27443.30859375,35957.70703125,21592.951171875,19910.02734375,20014.087890625,46969.328125,38260.48046875,15794.0458984375,20894.072265625,20848.822265625,28324.646484375,42935.9921875,20405.873046875,21088.04296875,35545.8984375,24855.890625,26612.046875,24037.84765625,38362.296875,41772.11328125,41589.10546875,32653.228515625,22691.765625,30150.48828125,35356.63671875,38997.02734375,25475.59765625,19735.287109375,19955.748046875,48423.203125,36195.83203125,35865.9140625,28653.017578125,23212.1640625,41405.48828125,27021.16796875,39647.10546875,20729.2421875,43907.328125,16301.791015625,32369.328125,26710.71484375,26196.158203125,32250.443359375,40194.0546875,34253.40625,35027.58203125,22770.064453125,39334.453125,38385.91015625,44519.9765625,22818.6953125
2021-02-08,34702.27734375,37756.0703125,36247.984375,26591.064453125,28229.517578125,29059.703125,24585.150390625,32490.47265625,17375.474609375,47471.80078125,28281.734375,44387.26171875,24882.451171875,24104.98046875,32321.55078125,27988.466796875,16027.47265625,19443.509765625,53180.63671875,26958.771484375,50242.22265625,28341.4140625,31986.818359375,33889.109375,41569.9140625,21996.9375,52915.76171875,30627.822265625,36513.359375,25974.146484375,21664.15234375,25435.61328125,24954.43359375,25225.35546875,25037.275390625,25008.22265625,33764.22265625,27918.685546875,40377.30078125,44697.41015625,28006.048828125,43293.16796875,22770.064453125,34253.40625,19498.513671875,48047.05078125,28072.724609375,26143.123046875,29448.53125,32135.849609375,21274.751953125,19033.146484375,19912.349609375,48247.39453125,37332.50390625,15857.2529296875,20970.22265625,20940.359375,31008.6484375,44086.50390625,20322.708984375,21450.439453125,37912.93359375,25079.349609375,26556.158203125,24014.712890625,37065.046875,39647.10546875,39938.91015625,32333.435546875,23252.611328125,30832.0546875,35437.171875,38073.3359375,24921.8203125,19613.884765625,20369.748046875,50696.0859375,37026.60546875,37377.12890625,27637.302734375,23778.521484375,43307.62890625,26876.296875,40040.984375,21184.30078125,46749.44140625,16038.634765625,32693.353515625,26917.8125,25914.65625,32700.62109375,39518.80859375,34782.89453125,35545.8984375,23243.0625,38778.59375,38260.48046875,42211.375,22665.82421875
2021-02-09,34167.515625,37824.1328125,36195.83203125,27232.396484375,28324.646484375,26502.841796875,24635.1953125,36247.984375,18355.751953125,49071.7890625,28109.283203125,47823.05859375,25280.462890625,23412.44140625,30322.69921875,28124.6640625,16326.2177734375,19485.171875,52915.76171875,26638.9140625,50609.1953125,28569.314453125,32369.328125,34206.4765625,43354.8046875,22166.9296875,53263.6015625,30818.25,37765.5234375,25114.818359375,20333.21875,25488.7265625,24936.5234375,25150.4375,26196.158203125,24882.451171875,33643.08203125,28022.041015625,40512.3984375,42064.8828125,27560.505859375,42739.44921875,23243.0625,34782.89453125,18118.9453125,48110.046875,28549.08203125,26103.3671875,29616.634765625,30877.94140625,21586.8359375,19297.73046875,19824.3125,47962.9375,41192.19140625,15902.8232421875,22469.162109375,20912.84765625,31996.87109375,46082.24609375,20698.390625,21531.794921875,35809.015625,24719.412109375,26580.546875,24530.3046875,39494.44140625,40040.984375,41591.3515625,32080.365234375,23212.1640625,29360.513671875,33958.7734375,39900.29296875,24924.990234375,19782.62890625,20339.48046875,51189.44921875,38316.41015625,34702.27734375,27856.39453125,23799.2265625,42055.4921875,26882.20703125,38879.828125,21317.80859375,47458.4296875,16106.125,32783.68359375,26134.5390625,25813.796875,32506.6796875,40700.7421875,34692.2890625,37912.93359375,22941.826171875,36335.328125,37332.50390625,41739.88671875,22243.416015625
2021-02-10,33656.5625,37800.52734375,37026.60546875,28266.576171875,31008.6484375,26965.501953125,24039.84375,36195.83203125,19344.57421875,50257.0859375,27465.17578125,46742.55859375,24902.060546875,24023.845703125,29221.080078125,28910.4609375,16244.91796875,19839.810546875,53263.6015625,26644.65625,50273.60546875,29219.5546875,32693.353515625,33999.8046875,42933.625,20894.072265625,54741.9375,28545.537109375,35814.59765625,25156.841796875,20112.125,26488.859375,24898.650390625,24743.68359375,25914.65625,25280.462890625,35590.078125,28072.724609375,42635.5859375,40885.140625,28014.8984375,46119.0,22941.826171875,34692.2890625,19593.43359375,47088.5703125,28281.734375,25479.76953125,27979.697265625,31986.818359375,19324.80078125,19310.755859375,19699.3984375,51235.53515625,40032.6953125,15716.216796875,23394.453125,21096.0078125,32653.228515625,46969.328125,22735.5625,21600.099609375,35546.05078125,24837.51171875,26958.771484375,24194.5859375,39194.921875,38879.828125,41458.87109375,32250.443359375,23778.521484375,32286.505859375,32783.4453125,40762.15234375,24924.822265625,19860.890625,20384.904296875,50313.38671875,38630.59765625,34167.515625,28690.759765625,23717.8203125,41104.5703125,27129.1875,39334.453125,21077.32421875,47471.80078125,16141.69140625,33324.28515625,25299.8515625,25454.462890625,32773.70703125,43293.16796875,33728.53515625,35809.015625,22807.732421875,37065.078125,41192.19140625,43617.99609375,21996.9375
2021-02-11,32338.11328125,37028.76171875,38316.41015625,29059.703125,31996.87109375,29013.7421875,24130.296875,37026.60546875,19293.44140625,50240.55859375,27661.828125,47155.5078125,24855.890625,24437.322265625,29474.392578125,30106.001953125,16248.85546875,19572.322265625,54741.9375,26368.833984375,53123.62890625,29764.078125,32783.68359375,34270.41796875,44849.703125,20970.22265625,58305.0390625,31689.203125,37180.76953125,26145.060546875,19742.873046875,26269.95703125,24872.564453125,24502.44140625,25813.796875,24902.060546875,35077.26953125,28549.08203125,42877.15234375,41666.91796875,27918.685546875,46293.4375,22807.732421875,33728.53515625,19581.447265625,47432.76953125,28109.283203125,25706.5078125,28337.810546875,32369.328125,19498.513671875,21065.994140625,19441.177734375,49624.296875,41952.8046875,15573.189453125,23277.884765625,20786.662109375,32333.435546875,48247.39453125,22149.275390625,21463.26953125,35645.95703125,25280.44921875,26638.9140625,24185.26953125,38864.359375,39334.453125,41386.45703125,32700.62109375,23799.2265625,33178.515625,33795.61328125,40615.28125,24657.96875,19603.666015625,20070.548828125,50560.609375,38821.85546875,33656.5625,27236.609375,23753.2421875,41680.41796875,28007.34765625,38778.59375,20566.69921875,49071.7890625,16153.44921875,33889.109375,27227.458984375,24924.98046875,33472.75390625,42739.44921875,38516.01171875,35546.05078125,22597.166015625,37784.14453125,40032.6953125,44292.69140625,22166.9296875
2021-02-12,28681.095703125,37403.78515625,38630.59765625,26502.841796875,32653.228515625,28866.302734375,24067.697265625,38316.41015625,19544.50390625,50172.63671875,27613.984375,48345.46484375,25079.349609375,24954.43359375,27526.4921875,28606.67578125,16257.107421875,20170.08984375,58305.0390625,26339.84375,52664.09375,28444.033203125,33324.28515625,34367.76171875,44886.01171875,22469.162109375,57763.73828125,31356.951171875,37866.671875,25708.375,20276.1953125,26202.021484375,25021.5390625,24488.30859375,25454.462890625,24855.890625,33690.84375,28281.734375,42796.05078125,40712.71875,28022.041015625,47456.125,22597.166015625,38516.01171875,19665.748046875,44387.26171875,27465.17578125,25843.8046875,27708.939453125,32693.353515625,18118.9453125,21356.978515625,19955.748046875,46876.453125,40578.53515625,15611.1494140625,23132.7421875,21168.353515625,32080.365234375,47962.9375,22923.21875,21664.15234375,34623.734375,24484.876953125,26644.65625,24104.98046875,40194.0546875,38778.59375,39888.60546875,32506.6796875,23717.8203125,33325.59375,32988.85546875,40312.578125,24829.97265625,19598.5390625,19924.640625,49953.89453125,38176.5859375,32338.11328125,27630.46484375,23484.271484375,41542.9921875,28229.517578125,36335.328125,18392.849609375,50257.0859375,15770.0380859375,34206.4765625,27447.947265625,25434.765625,32911.6484375,46119.0,39842.83984375,35645.95703125,21916.640625,36902.015625,41952.8046875,41421.28125,20894.072265625
2021-02-13,29463.818359375,36800.8828125,38821.85546875,26965.501953125,32333.435546875,30139.98046875,24021.91796875,38630.59765625,19613.130859375,50497.2734375,27504.669921875,47846.5234375,24719.412109375,24936.5234375,27497.93359375,28842.556640625,16322.681640625,20577.94140625,57763.73828125,26395.765625,52896.38671875,28957.701171875,33889.109375,32702.763671875,44539.5,23394.453125,56588.421875,32229.533203125,36618.8671875,26205.189453125,19750.1875,26458.6015625,25474.994140625,24813.755859375,24924.98046875,25079.349609375,33015.015625,28109.283203125,42166.078125,41926.33984375,28072.724609375,44563.2421875,21916.640625,39842.83984375,18918.7421875,47823.05859375,27661.828125,25681.841796875,27831.8125,32783.68359375,19593.43359375,21616.78515625,20369.748046875,47727.08203125,41076.52734375,15478.65625,22855.736328125,21143.859375,32250.443359375,51235.53515625,22993.78515625,20333.21875,36248.87109375,24689.779296875,26368.833984375,23412.44140625,39518.80859375,36335.328125,39937.78125,32773.70703125,23753.2421875,31969.333984375,34253.40625,41172.41796875,24805.451171875,19484.068359375,19975.6796875,47371.30859375,37360.546875,28681.095703125,27662.0625,22928.55078125,41569.9140625,28324.646484375,37065.078125,15849.8603515625,50240.55859375,15408.91015625,33999.8046875,28527.830078125,25271.92578125,32351.423828125,46293.4375,39526.875,34623.734375,21920.4296875,37508.18359375,40578.53515625,41405.48828125,20970.22265625
2021-02-14,27527.0390625,35957.70703125,38176.5859375,29013.7421875,32080.365234375,29555.0546875,23170.25390625,38821.85546875,19160.00390625,48985.828125,27635.5625,46010.484375,24837.51171875,24898.650390625,30664.52734375,27422.689453125,16736.2578125,20353.0234375,56588.421875,26521.001953125,51386.25,28707.89453125,34206.4765625,32490.47265625,44871.05078125,23277.884765625,56736.26171875,31524.041015625,35770.0703125,26143.123046875,19973.794921875,25995.521484375,25475.59765625,25008.22265625,25434.765625,24719.412109375,32145.03125,27465.17578125,41124.796875,41629.80078125,28549.08203125,40181.33203125,21920.4296875,39526.875,20044.783203125,46742.55859375,27613.984375,25395.77734375,27881.7421875,33324.28515625,19581.447265625,22084.77734375,20339.48046875,49129.87890625,41047.3203125,15426.75,22720.060546875,21228.64453125,32700.62109375,49624.296875,22770.064453125,20112.125,35870.046875,24898.37109375,26339.84375,24023.845703125,40700.7421875,37065.078125,41250.73046875,33472.75390625,23484.271484375,31943.0625,34782.89453125,40292.125,25085.046875,19443.509765625,19710.349609375,43486.58203125,37218.8125,29463.818359375,27268.7421875,23007.748046875,43354.8046875,31008.6484375,37784.14453125,17255.771484375,50172.63671875,15701.486328125,34270.41796875,29132.255859375,25352.396484375,32677.3125,47456.125,38362.70703125,36248.87109375,22325.521484375,37388.88671875,41076.52734375,43307.62890625,22469.162109375
2021-02-15,27988.466796875,32135.849609375,37360.546875,28866.302734375,32250.443359375,28341.4140625,23366.4921875,38176.5859375,19464.439453125,49933.19921875,27802.66015625,46692.53125,25280.44921875,24872.564453125,30150.48828125,28653.017578125,16687.33203125,20667.62109375,56736.26171875,27159.880859375,50646.05078125,27752.7109375,33999.8046875,36247.984375,44697.41015625,23132.7421875,56061.515625,29278.3203125,36515.671875,26103.3671875,20224.716796875,26380.189453125,24921.8203125,24882.451171875,25271.92578125,24837.51171875,33576.1875,27661.828125,41889.515625,41105.72265625,28281.734375,40844.4140625,22325.521484375,38362.70703125,20113.36328125,47155.5078125,27504.669921875,25419.8046875,29346.384765625,33889.109375,19665.748046875,20340.89453125,20384.904296875,48546.06640625,42935.9921875,15528.423828125,22626.390625,21182.890625,32506.6796875,46876.453125,23243.0625,19742.873046875,37329.640625,25037.275390625,26395.765625,24437.322265625,43293.16796875,37784.14453125,41543.1171875,32911.6484375,22928.55078125,30165.85546875,34692.2890625,36534.49609375,25581.568359375,19485.171875,19639.001953125,43672.8671875,37131.11328125,27527.0390625,26674.6015625,20802.666015625,42933.625,31996.87109375,36902.015625,16424.142578125,50497.2734375,15944.1689453125,34367.76171875,30026.51953125,24049.57421875,32660.251953125,44563.2421875,35806.6796875,35870.046875,22171.482421875,36729.046875,41047.3203125,42055.4921875,23394.453125
2021-02-16,28124.6640625,30877.94140625,37218.8125,30139.98046875,32700.62109375,28569.314453125,24029.07421875,37360.546875,20848.822265625,49976.84375,27279.845703125,40695.51171875,24484.876953125,25021.5390625,30832.0546875,27637.302734375,16322.2783203125,20891.52734375,56061.515625,26929.60546875,46968.79296875,28454.8828125,34270.41796875,36195.83203125,42064.8828125,22855.736328125,56335.5390625,28391.1640625,36660.19140625,25479.76953125,20064.068359375,26401.185546875,24924.990234375,25280.462890625,25352.396484375,25280.44921875,34536.40625,27613.984375,41529.1484375,40677.875,28109.283203125,38735.1640625,22171.482421875,35806.6796875,20369.7890625,48345.46484375,27635.5625,25962.48046875,29123.798828125,34206.4765625,18918.7421875,20277.40234375,20070.548828125,48839.94140625,44086.50390625,15630.7392578125,22494.580078125,21867.869140625,32773.70703125,47727.08203125,22941.826171875,20276.1953125,36895.96484375,26196.158203125,26521.001953125,24954.43359375,42739.44921875,36902.015625,42112.26171875,32351.423828125,23007.748046875,30019.2265625,33728.53515625,34712.96875,25435.61328125,19839.810546875,19739.6796875,44827.5859375,37667.15234375,27988.466796875,26849.146484375,21088.04296875,44849.703125,32653.228515625,37508.18359375,16213.078125,48985.828125,15953.935546875,32702.763671875,31628.84765625,25459.982421875,32688.990234375,40181.33203125,36057.16796875,37329.640625,21885.3359375,37869.94921875,42935.9921875,41104.5703125,23277.884765625
2021-02-17,28910.4609375,31986.818359375,37131.11328125,29555.0546875,32506.6796875,29219.5546875,24196.294921875,37218.8125,20940.359375,49008.61328125,28044.08984375,41166.6953125,24689.779296875,25474.994140625,29360.513671875,27856.39453125,15708.3994140625,20729.8046875,56335.5390625,26798.734375,46276.83203125,28223.0703125,34367.76171875,37026.60546875,40885.140625,22720.060546875,57219.65625,29269.517578125,35865.9140625,25706.5078125,19925.734375,26437.544921875,24924.822265625,24902.060546875,24049.57421875,24484.876953125,36399.93359375,27504.669921875,42054.78515625,38520.26953125,27465.17578125,38385.91015625,21885.3359375,36057.16796875,19901.283203125,47846.5234375,27802.66015625,27280.267578125,28192.89453125,33999.8046875,20044.783203125,19725.560546875,19924.640625,48812.30859375,46082.24609375,15817.341796875,22084.509765625,21050.04296875,33472.75390625,49129.87890625,22807.732421875,19750.1875,37777.125,25914.65625,27159.880859375,24936.5234375,46119.0,37508.18359375,42028.5546875,32677.3125,20802.666015625,30071.78125,38516.01171875,37283.484375,25488.7265625,19572.322265625,19844.625,44974.98046875,39255.91015625,28124.6640625,27443.30859375,21450.439453125,44886.01171875,32333.435546875,37388.88671875,15835.814453125,49933.19921875,15865.7919921875,32490.47265625,33336.06640625,24606.056640625,33137.67578125,40844.4140625,35332.9765625,36895.96484375,22164.501953125,38444.49609375,44086.50390625,41680.41796875,23132.7421875
2021-02-18,30106.001953125,32369.328125,37667.15234375,28341.4140625,32773.70703125,29764.078125,24065.609375,37131.11328125,20912.84765625,47210.01953125,26979.12109375,41072.77734375,24898.37109375,25475.59765625,32286.505859375,28690.759765625,15852.6513671875,20732.3984375,57219.65625,26831.294921875,46933.71875,28840.88671875,32702.763671875,38316.41015625,41666.91796875,22626.390625,55914.40234375,30519.30859375,37377.12890625,25843.8046875,20172.349609375,26074.796875,24657.96875,24855.890625,25459.982421875,24689.779296875,37878.578125,27635.5625,42480.390625,38203.5078125,27661.828125,38260.48046875,22164.501953125,35332.9765625,19598.34375,46010.484375,27279.845703125,27697.037109375,28356.046875,34270.41796875,20113.36328125,19740.73046875,19975.6796875,48405.2109375,46969.328125,15899.841796875,22861.046875,21305.564453125,32911.6484375,48546.06640625,22597.166015625,19973.794921875,38129.12890625,25813.796875,26929.60546875,24898.650390625,46293.4375,37388.88671875,43543.5078125,32660.251953125,21088.04296875,26591.064453125,39842.83984375,38240.87890625,26488.859375,20170.08984375,19735.287109375,44519.9765625,38654.78515625,28910.4609375,29448.53125,21531.794921875,44539.5,32080.365234375,36729.046875,16103.03515625,49976.84375,15809.0029296875,36247.984375,33764.22265625,24585.150390625,33287.515625,38735.1640625,35027.58203125,37777.125,22150.041015625,38133.76953125,46082.24609375,41542.9921875,22855.736328125
2021-02-19,28606.67578125,32693.353515625,39255.91015625,28569.314453125,33472.75390625,28444.033203125,24580.533203125,37667.15234375,21096.0078125,48948.37890625,26961.966796875,38498.73828125,25037.275390625,24921.8203125,33178.515625,27236.609375,15832.53515625,20739.0859375,55914.40234375,26847.951171875,44784.20703125,27948.556640625,32490.47265625,38630.59765625,40712.71875,22494.580078125,53146.4453125,30026.794921875,34702.27734375,25681.841796875,19910.02734375,25829.869140625,24829.97265625,25079.349609375,24606.056640625,24898.37109375,37281.74609375,27802.66015625,41772.11328125,36575.8984375,27613.984375,37332.50390625,22150.041015625,35027.58203125,19272.830078125,46692.53125,28044.08984375,27405.62109375,27648.169921875,34367.76171875,20369.7890625,20095.130859375,19710.349609375,45699.40625,48247.39453125,16002.5439453125,22539.021484375,21541.990234375,32351.423828125,48839.94140625,21916.640625,20224.716796875,37353.0390625,25454.462890625,26798.734375,24872.564453125,47456.125,36729.046875,44329.0703125,32688.990234375,21450.439453125,27232.396484375,39526.875,36550.9609375,26269.95703125,20577.94140625,19613.884765625,42211.375,35673.9375,30106.001953125,29616.634765625,21600.099609375,44871.05078125,32250.443359375,37869.94921875,16301.791015625,49008.61328125,15862.076171875,36195.83203125,33643.08203125,24635.1953125,34397.78515625,38385.91015625,35545.8984375,38129.12890625,21014.58984375,37405.0546875,46969.328125,41569.9140625,22720.060546875
2021-02-20,28842.556640625,32783.68359375,38654.78515625,29219.5546875,32911.6484375,28957.701171875,25940.92578125,39255.91015625,20786.662109375,48942.109375,26939.876953125,38235.890625,26196.158203125,24924.990234375,33325.59375,27630.46484375,15491.1591796875,20541.525390625,53146.4453125,26758.697265625,43083.34375,27772.1953125,36247.984375,38821.85546875,41926.33984375,22084.509765625,53339.00390625,30775.01171875,34167.515625,25395.77734375,19033.146484375,25296.39453125,24805.451171875,24719.412109375,24585.150390625,25037.275390625,39501.9296875,27279.845703125,39647.10546875,36734.3828125,27504.669921875,41192.19140625,21014.58984375,35545.8984375,19245.86328125,40695.51171875,26979.12109375,27505.623046875,26958.935546875,32702.763671875,19901.283203125,19376.4140625,19639.001953125,46230.26953125,47962.9375,15896.708984375,22783.662109375,21524.57421875,32677.3125,48812.30859375,21920.4296875,20064.068359375,37286.5,24924.98046875,26831.294921875,25021.5390625,44563.2421875,37869.94921875,39521.41796875,33137.67578125,21531.794921875,28266.576171875,38362.70703125,36447.29296875,26202.021484375,20353.0234375,19782.62890625,41739.88671875,35356.63671875,28606.67578125,27979.697265625,21463.26953125,44697.41015625,32700.62109375,38444.49609375,16038.634765625,47210.01953125,15678.6806640625,37026.60546875,35590.078125,24039.84375,34881.0234375,38260.48046875,37912.93359375,37353.0390625,21005.822265625,36841.98046875,48247.39453125,43354.8046875,22626.390625
2021-02-21,27422.689453125,33324.28515625,35673.9375,29764.078125,32351.423828125,28707.89453125,27317.93359375,38654.78515625,21168.353515625,50242.22265625,26828.544921875,35814.0859375,25914.65625,24924.822265625,31969.333984375,27662.0625,15911.115234375,20729.2421875,53339.00390625,26960.865234375,42231.40625,27737.478515625,36195.83203125,38176.5859375,41629.80078125,22861.046875,50086.53125,32321.55078125,33656.5625,25419.8046875,19297.73046875,25396.322265625,25085.046875,24837.51171875,24635.1953125,26196.158203125,38895.97265625,28044.08984375,40040.984375,36914.7734375,27635.5625,40032.6953125,21005.822265625,37912.93359375,18881.3359375,41166.6953125,26961.966796875,27455.939453125,25513.984375,32490.47265625,19598.34375,19485.4765625,19739.6796875,44675.62890625,51235.53515625,15900.0986328125,23347.2265625,21701.173828125,32660.251953125,48405.2109375,22325.521484375,19925.734375,38404.8671875,25434.765625,26847.951171875,25474.994140625,40181.33203125,38444.49609375,38997.87890625,33287.515625,21600.099609375,29059.703125,35806.6796875,36858.828125,26458.6015625,20667.62109375,19860.890625,43617.99609375,35437.171875,28842.556640625,28337.810546875,21664.15234375,42064.8828125,32506.6796875,38133.76953125,16106.125,48948.37890625,15928.9072265625,38316.41015625,35077.26953125,24130.296875,34716.57421875,37332.50390625,35809.015625,37286.5,21114.173828125,36606.8828125,47962.9375,42933.625,22494.580078125
2021-02-22,28653.017578125,33889.109375,35356.63671875,28444.033203125,32677.3125,27752.7109375,27303.2421875,35673.9375,21143.859375,50609.1953125,26590.166015625,35106.796875,25813.796875,24657.96875,31943.0625,27268.7421875,15853.267578125,21184.30078125,50086.53125,26752.154296875,41374.1015625,26906.45703125,37026.60546875,37360.546875,41105.72265625,22539.021484375,51492.02734375,30322.69921875,32338.11328125,25962.48046875,19310.755859375,25552.80859375,25581.568359375,25280.44921875,24039.84375,25914.65625,38829.91015625,26979.12109375,38879.828125,36912.19921875,27802.66015625,41952.8046875,21114.173828125,35809.015625,18476.548828125,41072.77734375,26939.876953125,27307.80859375,21592.951171875,36247.984375,19272.830078125,18945.2890625,19844.625,43907.328125,49624.296875,16028.5537109375,22691.765625,21580.79296875,32688.990234375,45699.40625,22171.482421875,20172.349609375,38973.3125,25271.92578125,26758.697265625,25475.59765625,40844.4140625,38133.76953125,39233.2265625,34397.78515625,21463.26953125,26502.841796875,36057.16796875,36112.015625,25995.521484375,20891.52734375,19603.666015625,44292.69140625,33958.7734375,27422.689453125,27708.939453125,20333.21875,40885.140625,32773.70703125,37405.0546875,16141.69140625,48942.109375,16471.5390625,38630.59765625,33690.84375,24067.697265625,34661.76171875,41192.19140625,35546.05078125,38404.8671875,20988.779296875,36513.359375,51235.53515625,44849.703125,22084.509765625
2021-02-23,27637.302734375,34206.4765625,35437.171875,28957.701171875,32660.251953125,28454.8828125,28118.583984375,35356.63671875,21228.64453125,50273.60546875,26696.830078125,30403.203125,25454.462890625,24829.97265625,30165.85546875,26674.6015625,15875.7919921875,21317.80859375,51492.02734375,26393.15234375,40534.26171875,26616.2421875,38316.41015625,37218.8125,40677.875,22783.662109375,52889.74609375,29221.080078125,28681.095703125,27280.267578125,21065.994140625,25552.171875,25435.61328125,24484.876953125,24130.296875,25813.796875,37857.078125,26961.966796875,39334.453125,37599.6015625,27279.845703125,40578.53515625,20988.779296875,35546.05078125,18450.552734375,38498.73828125,26828.544921875,27598.189453125,21274.751953125,36195.83203125,19245.86328125,18865.09765625,19735.287109375,46749.44140625,46876.453125,16022.666015625,23252.611328125,21276.3671875,33137.67578125,46230.26953125,21885.3359375,19910.02734375,39933.27734375,25352.396484375,26960.865234375,24921.8203125,38735.1640625,37405.0546875,38002.7578125,34881.0234375,21664.15234375,26965.501953125,35332.9765625,35113.8359375,26380.189453125,20729.8046875,19598.5390625,41421.28125,32783.4453125,28653.017578125,27831.8125,20112.125,41666.91796875,33472.75390625,36841.98046875,16153.44921875,50242.22265625,16116.9619140625,38821.85546875,33015.015625,24021.91796875,34109.41015625,40032.6953125,35645.95703125,38973.3125,21064.697265625,37765.5234375,49624.296875,44886.01171875,22861.046875
2021-02-24,27856.39453125,33999.8046875,33958.7734375,28707.89453125,32688.990234375,28223.0703125,27984.1328125,35437.171875,21182.890625,53123.62890625,26756.26953125,33359.13671875,24924.98046875,24805.451171875,30019.2265625,26849.146484375,15746.6220703125,21077.32421875,52889.74609375,24520.5859375,44721.85546875,26710.71484375,38630.59765625,37131.11328125,38520.26953125,23347.2265625,52087.0625,29474.392578125,29463.818359375,27697.037109375,21356.978515625,25811.17578125,25488.7265625,24689.779296875,24067.697265625,25454.462890625,40514.828125,26939.876953125,38778.59375,38415.8203125,28044.08984375,41076.52734375,21064.697265625,35645.95703125,18496.458984375,38235.890625,26590.166015625,26952.845703125,21586.8359375,37026.60546875,18881.3359375,19731.4296875,19613.884765625,47458.4296875,47727.08203125,16246.458984375,23212.1640625,21213.240234375,33287.515625,44675.62890625,22164.501953125,19033.146484375,40377.30078125,24049.57421875,26752.154296875,24924.990234375,38385.91015625,36841.98046875,38258.65234375,34716.57421875,20333.21875,29013.7421875,35027.58203125,35828.7734375,26401.185546875,20732.3984375,19484.068359375,41405.48828125,33795.61328125,27637.302734375,27881.7421875,19742.873046875,40712.71875,32911.6484375,36606.8828125,15770.0380859375,50609.1953125,16218.2666015625,38176.5859375,32145.03125,23170.25390625,32669.89453125,41952.8046875,34623.734375,39933.27734375,20587.609375,35814.59765625,46876.453125,44539.5,22539.021484375
2021-02-25,28690.759765625,34270.41796875,32783.4453125,27752.7109375,33137.67578125,28840.88671875,27947.595703125,33958.7734375,21867.869140625,52664.09375,26865.529296875,30627.822265625,25434.765625,25085.046875,30071.78125,27443.30859375,15794.0458984375,20566.69921875,52087.0625,23921.724609375,45522.515625,26917.8125,38821.85546875,37667.15234375,38203.5078125,22691.765625,50071.62890625,27526.4921875,27527.0390625,27405.62109375,21616.78515625,27021.16796875,26488.859375,24898.37109375,24021.91796875,24924.98046875,39924.8359375,26828.544921875,36335.328125,37175.2890625,26979.12109375,41047.3203125,20587.609375,34623.734375,19391.966796875,35814.0859375,26696.830078125,27696.791015625,19324.80078125,38316.41015625,18476.548828125,19910.8984375,19782.62890625,47471.80078125,49129.87890625,16659.3671875,23778.521484375,21680.203125,34397.78515625,43907.328125,22150.041015625,19297.73046875,40512.3984375,25459.982421875,26393.15234375,24924.822265625,38260.48046875,36606.8828125,38997.02734375,34661.76171875,20112.125,28866.302734375,35545.8984375,37835.90234375,26437.544921875,20739.0859375,19443.509765625,43307.62890625,32988.85546875,27856.39453125,29346.384765625,20276.1953125,41926.33984375,32351.423828125,36513.359375,15408.91015625,50273.60546875,16045.78125,37360.546875,33576.1875,23366.4921875,34899.3046875,40578.53515625,36248.87109375,40377.30078125,19235.703125,37180.76953125,47727.08203125,44871.05078125,22783.662109375
2021-02-26,27236.609375,34367.76171875,33795.61328125,28454.8828125,33287.515625,27948.556640625,27746.609375,32783.4453125,21050.04296875,52896.38671875,26752.763671875,30818.25,25271.92578125,25581.568359375,26591.064453125,29448.53125,15857.2529296875,18392.849609375,50071.62890625,23964.5625,45178.68359375,26134.5390625,38176.5859375,39255.91015625,36575.8984375,23252.611328125,51188.46484375,27497.93359375,27988.466796875,27505.623046875,22084.77734375,26876.296875,26269.95703125,25037.275390625,23170.25390625,25434.765625,39890.16796875,26590.166015625,37065.078125,37756.0703125,26961.966796875,42935.9921875,19235.703125,36248.87109375,19685.341796875,35106.796875,26756.26953125,26317.671875,19498.513671875,38630.59765625,18450.552734375,19542.84375,19860.890625,49071.7890625,48546.06640625,17375.474609375,23799.2265625,21407.873046875,34881.0234375,46749.44140625,21014.58984375,19310.755859375,42635.5859375,24606.056640625,24520.5859375,24657.96875,37332.50390625,36513.359375,38073.3359375,34109.41015625,19742.873046875,30139.98046875,37912.93359375,41501.77734375,26074.796875,20541.525390625,19485.171875,42055.4921875,34253.40625,28690.759765625,29123.798828125,19750.1875,41629.80078125,32677.3125,37765.5234375,15701.486328125,53123.62890625,16247.1357421875,37218.8125,34536.40625,24029.07421875,33312.5703125,41076.52734375,35870.046875,40512.3984375,19235.703125,37866.671875,49129.87890625,44697.41015625,23347.2265625
2021-02-27,27630.46484375,32702.763671875,32988.85546875,28223.0703125,34397.78515625,27772.1953125,28006.048828125,33795.61328125,21305.564453125,51386.25,27041.06640625,28545.537109375,25352.396484375,25435.61328125,27232.396484375,29616.634765625,15902.8232421875,15849.8603515625,51188.46484375,24081.244140625,44170.96875,25299.8515625,37360.546875,38654.78515625,36734.3828125,23212.1640625,50235.796875,30664.52734375,28124.6640625,27455.939453125,20340.89453125,26882.20703125,26202.021484375,26196.158203125,23366.4921875,25271.92578125,39058.03515625,26696.830078125,37784.14453125,37824.1328125,26939.876953125,44086.50390625,19235.703125,35870.046875,20175.70703125,30403.203125,26865.529296875,25753.052734375,18118.9453125,38821.85546875,18496.458984375,19412.43359375,19603.666015625,50257.0859375,48839.94140625,18355.751953125,23717.8203125,20316.77734375,34716.57421875,47458.4296875,21005.822265625,21065.994140625,42877.15234375,24585.150390625,23921.724609375,24829.97265625,41192.19140625,37765.5234375,39900.29296875,32669.89453125,20276.1953125,29555.0546875,35809.015625,41152.0625,25829.869140625,20729.2421875,19839.810546875,41104.5703125,34782.89453125,27236.609375,28192.89453125,19973.794921875,41105.72265625,32660.251953125,35814.59765625,15944.1689453125,52664.09375,16171.7978515625,37131.11328125,36399.93359375,24196.294921875,33522.1953125,41047.3203125,37329.640625,42635.5859375,18943.587890625,36618.8671875,48546.06640625,42064.8828125,22691.765625
2021-02-28,27662.0625,32490.47265625,34253.40625,28840.88671875,34881.0234375,27737.478515625,27560.505859375,32988.85546875,21541.990234375,50646.05078125,26373.333984375,31689.203125,24049.57421875,25488.7265625,28266.576171875,27979.697265625,15716.216796875,17255.771484375,50235.796875,23971.8515625,48047.05078125,27227.458984375,37218.8125,35673.9375,36914.7734375,23778.521484375,51096.4609375,30150.48828125,28910.4609375,27307.80859375,20277.40234375,27129.1875,26458.6015625,25914.65625,24029.07421875,25352.396484375,38170.50390625,26756.26953125,36902.015625,37800.52734375,26828.544921875,46082.24609375,18943.587890625,37329.640625,21278.9453125,33359.13671875,26752.763671875,24581.541015625,19593.43359375,38176.5859375,19391.966796875,19982.44921875,19598.5390625,50240.55859375,48812.30859375,19344.57421875,23753.2421875,20256.5234375,34661.76171875,47471.80078125,21114.173828125,21356.978515625,42796.05078125,24635.1953125,23964.5625,24805.451171875,40032.6953125,35814.59765625,40762.15234375,34899.3046875,19750.1875,28341.4140625,35546.05078125,41527.53515625,25296.39453125,21184.30078125,19572.322265625,41680.41796875,34692.2890625,27630.46484375,28356.046875,20224.716796875,40677.875,32688.990234375,37180.76953125,15953.935546875,52896.38671875,16326.0986328125,37667.15234375,37878.578125,24065.609375,33512.13671875,42935.9921875,36895.96484375,42877.15234375,19379.52734375,35770.0703125,48839.94140625,40885.140625,23252.611328125
2021-03-01,27268.7421875,36247.984375,34782.89453125,27948.556640625,34716.57421875,26906.45703125,28014.8984375,34253.40625,21524.57421875,46968.79296875,26449.912109375,31356.951171875,25459.982421875,26488.859375,29059.703125,28337.810546875,15573.189453125,16424.142578125,51096.4609375,23999.806640625,48110.046875,27447.947265625,37131.11328125,35356.63671875,36912.19921875,23799.2265625,47323.1015625,30832.0546875,30106.001953125,27598.189453125,19725.560546875,28007.34765625,25995.521484375,25813.796875,24196.294921875,24049.57421875,38282.078125,26865.529296875,37508.18359375,37028.76171875,26590.166015625,46969.328125,19379.52734375,36895.96484375,21332.7421875,30627.822265625,27041.06640625,25068.71484375,19581.447265625,37360.546875,19685.341796875,19915.501953125,19484.068359375,50172.63671875,48405.2109375,19293.44140625,23484.271484375,20462.0625,34109.41015625,49071.7890625,20988.779296875,21616.78515625,42166.078125,24039.84375,24081.244140625,25085.046875,41952.8046875,37180.76953125,40615.28125,33312.5703125,19973.794921875,28569.314453125,35645.95703125,42279.28125,25396.322265625,21317.80859375,20170.08984375,41542.9921875,33728.53515625,27662.0625,27648.169921875,20064.068359375,38520.26953125,33137.67578125,37866.671875,15865.7919921875,51386.25,16027.47265625,39255.91015625,37281.74609375,24580.533203125,34282.23046875,44086.50390625,37777.125,42796.05078125,20749.80078125,36515.671875,48812.30859375,41666.91796875,23212.1640625
2021-03-02,26674.6015625,36195.83203125,34692.2890625,27772.1953125,34661.76171875,26616.2421875,27918.685546875,34782.89453125,21701.173828125,46276.83203125,26498.29296875,32229.533203125,24606.056640625,26269.95703125,26502.841796875,27708.939453125,15611.1494140625,16213.078125,47323.1015625,24326.12109375,47088.5703125,28527.830078125,37667.15234375,35437.171875,37599.6015625,23717.8203125,48423.203125,29360.513671875,28606.67578125,26952.845703125,19740.73046875,28229.517578125,26380.189453125,25454.462890625,24065.609375,25459.982421875,40011.64453125,26752.763671875,37388.88671875,37403.78515625,26696.830078125,48247.39453125,20749.80078125,37777.125,21196.376953125,30818.25,26373.333984375,25101.6484375,19665.748046875,37218.8125,20175.70703125,20014.087890625,19443.509765625,50497.2734375,45699.40625,19544.50390625,22928.55078125,20405.873046875,32669.89453125,50257.0859375,21064.697265625,22084.77734375,41124.796875,24130.296875,23971.8515625,25581.568359375,40578.53515625,37866.671875,40312.578125,33522.1953125,20224.716796875,29219.5546875,34623.734375,44425.19140625,25552.80859375,21077.32421875,20577.94140625,41569.9140625,38516.01171875,27268.7421875,26958.935546875,19925.734375,38203.5078125,33287.515625,36618.8671875,15809.0029296875,50646.05078125,16326.2177734375,38654.78515625,39501.9296875,25940.92578125,34239.58203125,46082.24609375,38129.12890625,42166.078125,22565.94140625,36660.19140625,48405.2109375,40712.71875,23778.521484375
2021-03-03,26849.146484375,37026.60546875,33728.53515625,27737.478515625,34109.41015625,26710.71484375,28022.041015625,34692.2890625,21580.79296875,46933.71875,26607.666015625,31524.041015625,24585.150390625,26202.021484375,26965.501953125,27831.8125,15478.65625,15835.814453125,48423.203125,24227.376953125,47432.76953125,29132.255859375,39255.91015625,33958.7734375,38415.8203125,23753.2421875,50696.0859375,32286.505859375,28842.556640625,27696.791015625,20095.130859375,28324.646484375,26401.185546875,24924.98046875,24580.533203125,24606.056640625,42168.41796875,27041.06640625,36729.046875,36800.8828125,26756.26953125,47962.9375,22565.94140625,38129.12890625,20517.044921875,28545.537109375,26449.912109375,24893.0078125,18918.7421875,37131.11328125,21278.9453125,19912.349609375,19485.171875,48985.828125,46230.26953125,19613.130859375,23007.748046875,20322.708984375,34899.3046875,50240.55859375,20587.609375,20340.89453125,41889.515625,24067.697265625,23999.806640625,25435.61328125,41076.52734375,36618.8671875,41172.41796875,33512.13671875,20064.068359375,29764.078125,36248.87109375,47910.8515625,25552.171875,20566.69921875,20353.0234375,43354.8046875,39842.83984375,26674.6015625,25513.984375,20172.349609375,36575.8984375,34397.78515625,35770.0703125,15862.076171875,46968.79296875,16244.91796875,35673.9375,38895.97265625,27317.93359375,32805.48828125,46969.328125,37353.0390625,41124.796875,23069.6015625,35865.9140625,45699.40625,41926.33984375,23799.2265625
2021-03-04,27443.30859375,38316.41015625,38516.01171875,26906.45703125,32669.89453125,26917.8125,28072.724609375,33728.53515625,21276.3671875,44784.20703125,26577.896484375,29278.3203125,24635.1953125,26458.6015625,29013.7421875,27881.7421875,15426.75,16103.03515625,50696.0859375,24129.4140625,44387.26171875,30026.51953125,38654.78515625,32783.4453125,37175.2890625,23484.271484375,51189.44921875,33178.515625,27422.689453125,26317.671875,19376.4140625,31008.6484375,26437.544921875,25434.765625,25940.92578125,24585.150390625,41810.28125,26373.333984375,37869.94921875,35957.70703125,26865.529296875,51235.53515625,23069.6015625,37353.0390625,19879.431640625,31689.203125,26498.29296875,25785.673828125,20044.783203125,37667.15234375,21332.7421875,19824.3125,19839.810546875,49933.19921875,44675.62890625,19160.00390625,20802.666015625,20698.390625,33312.5703125,50172.63671875,19235.703125,20277.40234375,41529.1484375,24021.91796875,24326.12109375,25488.7265625,41047.3203125,35770.0703125,40292.125,34282.23046875,19925.734375,28444.033203125,35870.046875,46546.96484375,25811.17578125,18392.849609375,20667.62109375,42933.625,39526.875,26849.146484375,21592.951171875,19910.02734375,36734.3828125,34881.0234375,36515.671875,15678.6806640625,46276.83203125,16248.85546875,35356.63671875,38829.91015625,27303.2421875,34379.76953125,48247.39453125,37286.5,41889.515625,23035.966796875,37377.12890625,46230.26953125,41629.80078125,23717.8203125
2021-03-05,29448.53125,38630.59765625,39842.83984375,26616.2421875,34899.3046875,26134.5390625,28549.08203125,38516.01171875,21213.240234375,43083.34375,26612.046875,28391.1640625,24039.84375,25995.521484375,28866.302734375,29346.384765625,15528.423828125,16301.791015625,51189.44921875,24093.095703125,47823.05859375,31628.84765625,35673.9375,33795.61328125,37756.0703125,22928.55078125,50313.38671875,33325.59375,28653.017578125,25753.052734375,19485.4765625,31996.87109375,26074.796875,25271.92578125,27317.93359375,24635.1953125,42166.0703125,26449.912109375,38444.49609375,32135.849609375,26752.763671875,49624.296875,23035.966796875,37286.5,19265.537109375,31356.951171875,26607.666015625,25732.861328125,20113.36328125,39255.91015625,21196.376953125,19699.3984375,19572.322265625,49976.84375,43907.328125,19464.439453125,21088.04296875,22735.5625,33522.1953125,50497.2734375,19235.703125,19725.560546875,42054.78515625,23170.25390625,24227.376953125,26488.859375,42935.9921875,36515.671875,36534.49609375,34239.58203125,20172.349609375,28957.701171875,37329.640625,46648.671875,27021.16796875,15849.8603515625,20891.52734375,44849.703125,38362.70703125,27443.30859375,21274.751953125,19033.146484375,36914.7734375,34716.57421875,36660.19140625,15928.9072265625,46933.71875,16257.107421875,35437.171875,37857.078125,28118.583984375,34197.4921875,47962.9375,38404.8671875,41529.1484375,23604.212890625,34702.27734375,44675.62890625,41105.72265625,23753.2421875
2021-03-06,29616.634765625,38821.85546875,39526.875,26710.71484375,33312.5703125,25299.8515625,28281.734375,39842.83984375,21680.203125,42231.40625,26556.158203125,29269.517578125,24130.296875,26380.189453125,30139.98046875,29123.798828125,15630.7392578125,16038.634765625,50313.38671875,24163.8828125,46742.55859375,33336.06640625,35356.63671875,32988.85546875,37824.1328125,23007.748046875,50560.609375,31969.333984375,27637.302734375,24581.541015625,18945.2890625,32653.228515625,25829.869140625,25352.396484375,27303.2421875,24039.84375,42187.3046875,26498.29296875,38133.76953125,30877.94140625,27041.06640625,46876.453125,23604.212890625,38404.8671875,20142.341796875,32229.533203125,26577.896484375,26717.72265625,20369.7890625,38654.78515625,20517.044921875,19441.177734375,20170.08984375,49008.61328125,46749.44140625,20848.822265625,21450.439453125,22149.275390625,33512.13671875,48985.828125,18943.587890625,19740.73046875,42480.390625,23366.4921875,24129.4140625,26269.95703125,44086.50390625,36660.19140625,34712.96875,32805.48828125,19910.02734375,28707.89453125,36895.96484375,47508.265625,26876.296875,17255.771484375,20729.8046875,44886.01171875,35806.6796875,29448.53125,21586.8359375,19297.73046875,36912.19921875,34661.76171875,35865.9140625,16471.5390625,44784.20703125,16322.681640625,33958.7734375,40514.828125,27984.1328125,34459.36328125,51235.53515625,38973.3125,42054.78515625,25505.626953125,34167.515625,43907.328125,40677.875,23484.271484375
2021-03-07,27979.697265625,38176.5859375,38362.70703125,26917.8125,33522.1953125,27227.458984375,28109.283203125,39526.875,21407.873046875,41374.1015625,26580.546875,30519.30859375,24067.697265625,26401.185546875,29555.0546875,28192.89453125,15817.341796875,16106.125,50560.609375,24115.0078125,47155.5078125,33764.22265625,35437.171875,34253.40625,37800.52734375,20802.666015625,49953.89453125,31943.0625,27856.39453125,25068.71484375,18865.09765625,32333.435546875,25296.39453125,24049.57421875,28118.583984375,24130.296875,40591.27734375,26607.666015625,37405.0546875,31986.818359375,26373.333984375,47727.08203125,25505.626953125,38973.3125,20515.224609375,31524.041015625,26612.046875,26368.09375,19901.283203125,35673.9375,19879.431640625,19955.748046875,20577.94140625,47210.01953125,47458.4296875,20940.359375,21531.794921875,22923.21875,34282.23046875,49933.19921875,19379.52734375,20095.130859375,41772.11328125,24029.07421875,24093.095703125,26202.021484375,46082.24609375,35865.9140625,37283.484375,34379.76953125,19033.146484375,27752.7109375,37777.125,47357.20703125,26882.20703125,16424.142578125,20732.3984375,44539.5,36057.16796875,29616.634765625,19324.80078125,19310.755859375,37599.6015625,34109.41015625,37377.12890625,16116.9619140625,43083.34375,16736.2578125,32783.4453125,39924.8359375,27947.595703125,34529.2578125,49624.296875,39933.27734375,42480.390625,25025.171875,33656.5625,46749.44140625,38520.26953125,22928.55078125
2021-03-08,28337.810546875,37360.546875,35806.6796875,26134.5390625,33512.13671875,27447.947265625,27465.17578125,38362.70703125,20316.77734375,40534.26171875,26958.771484375,30026.794921875,24021.91796875,26437.544921875,28341.4140625,28356.046875,15899.841796875,16141.69140625,49953.89453125,25509.8671875,48345.46484375,33643.08203125,33958.7734375,34782.89453125,37028.76171875,21088.04296875,47371.30859375,30165.85546875,28690.759765625,25101.6484375,19731.4296875,32080.365234375,25396.322265625,25459.982421875,27984.1328125,24067.697265625,41589.10546875,26577.896484375,36841.98046875,32369.328125,26449.912109375,49129.87890625,25025.171875,39933.27734375,20669.638671875,29278.3203125,26556.158203125,26284.85546875,19598.34375,35356.63671875,19265.537109375,20369.748046875,20353.0234375,48948.37890625,47471.80078125,20912.84765625,21600.099609375,22993.78515625,34239.58203125,49976.84375,20749.80078125,19376.4140625,39647.10546875,24196.294921875,24163.8828125,26458.6015625,46969.328125,37377.12890625,38240.87890625,34197.4921875,19297.73046875,28454.8828125,38129.12890625,49755.9609375,27129.1875,16213.078125,20739.0859375,44871.05078125,35332.9765625,27979.697265625,19498.513671875,21065.994140625,38415.8203125,32669.89453125,34702.27734375,16218.2666015625,42231.40625,16687.33203125,33795.61328125,39890.16796875,27746.609375,34259.40234375,46876.453125,40377.30078125,41772.11328125,26251.658203125,32338.11328125,47458.4296875,38203.5078125,23007.748046875
2021-03-09,27708.939453125,37218.8125,36057.16796875,25299.8515625,34282.23046875,28527.830078125,27661.828125,35806.6796875,20256.5234375,44721.85546875,26638.9140625,30775.01171875,23170.25390625,26074.796875,28569.314453125,27648.169921875,16002.5439453125,16153.44921875,47371.30859375,24975.578125,47846.5234375,35590.078125,32783.4453125,34692.2890625,37403.78515625,21450.439453125,43486.58203125,30019.2265625,27236.609375,24893.0078125,19910.8984375,32250.443359375,25552.80859375,24606.056640625,27947.595703125,24021.91796875,39938.91015625,26612.046875,36606.8828125,32693.353515625,26498.29296875,48546.06640625,26251.658203125,40377.30078125,21020.79296875,28391.1640625,26580.546875,26581.580078125,19272.830078125,35437.171875,20142.341796875,20339.48046875,20667.62109375,48942.109375,49071.7890625,21096.0078125,21463.26953125,22770.064453125,32805.48828125,49008.61328125,22565.94140625,19485.4765625,40040.984375,24065.609375,24115.0078125,25995.521484375,48247.39453125,34702.27734375,36550.9609375,34459.36328125,19310.755859375,28223.0703125,37353.0390625,48601.88671875,28007.34765625,15835.814453125,20541.525390625,44697.41015625,35027.58203125,28337.810546875,18118.9453125,21356.978515625,37175.2890625,34899.3046875,34167.515625,16045.78125,41374.1015625,16322.2783203125,32988.85546875,39058.03515625,28006.048828125,33993.83203125,47727.08203125,40512.3984375,39647.10546875,25905.3046875,28681.095703125,47471.80078125,36575.8984375,20802.666015625
