coef_liquidity_in,coef_liquidity_out,dynamical_variables,func_monitor,mobile_window,timeframe,timeframe_grid_search,weighting_factor,window_grid_search,fattore_rendimento_totale,volatility,max_drawdown,sharpe_ratio,sortino_ratio,calmar_ratio
0.0,0.0,"{'weighting_factor': [0, 0.5, 1]}",ma_returns_prices,48,336,-1,0.0,720,553.1350496842991,0.3513382486914239,68.19470819029428,0.6880792438347648,1.2500610837047128,809.6450066823236
0.0,0.0,"{'weighting_factor': [0, 0.5, 1]}",ma_returns_prices,48,336,-1,0.0,360,551.4116986691795,0.3488964836654035,68.19470819029428,0.6902938745943831,1.2532638047756035,807.1179029511796
1.0,1.0,"{'coef_liquidity_in': [0, 1, inf], 'coef_liquidity_out': [0, 1, inf], 'weighting_factor': [0, 0.5, 1]}",ma_returns_prices,48,336,24,0.0,720,533.2244809493993,0.3508415601940894,69.23528368250786,0.6850888865255755,1.245875804624137,768.7185675298456
0.0,0.0,"{'weighting_factor': [0, 0.5, 1]}",ma_returns_prices,48,336,24,0.0,720,459.8594041224559,0.3605389204242654,70.24804502006909,0.663888493315933,1.2070507131579395,653.1988242396851
1.0,1.0,"{'coef_liquidity_in': [0, 1, inf], 'coef_liquidity_out': [0, 1, inf]}",ma_returns_prices,48,336,-1,0.0,720,444.6223984380754,0.3375309116533677,68.19470819029428,0.6838091969101666,1.228326137926156,650.5232007154677
1.0,1.0,"{'coef_liquidity_in': [0, 1, inf], 'coef_liquidity_out': [0, 1, inf], 'weighting_factor': [0, 0.5, 1]}",ma_returns_prices,48,336,-1,0.0,720,410.0589850519367,0.3392930561953823,68.19470819029428,0.674847855538698,1.2039319079763389,599.83977629243
1.0,1.0,"{'coef_liquidity_in': [0, 1, inf], 'coef_liquidity_out': [0, 1, inf], 'weighting_factor': [0, 0.5, 1]}",ma_returns_prices,48,336,-1,0.0,360,355.2268349533767,0.3418395740436243,68.19470819029428,0.6603274188488993,1.1840832983000025,519.4344903785241
1.0,1.0,"{'weighting_factor': [-1, 0, 1]}",ma_returns_prices,48,336,-1,0.0,720,300.8300320882667,0.3561852084704863,78.40216100857627,0.6342145980306675,1.1297749480069406,382.4257242800601
1.0,1.0,{},ma_returns_prices,48,336,-1,0.0,360,284.09937456212,0.3245238964629918,68.19470819029428,0.6581453551617932,1.1797822091615864,415.1339335189233
1.0,1.0,"{'coef_liquidity_in': [0, 1, inf], 'coef_liquidity_out': [0, 1, inf], 'weighting_factor': [0, 0.5, 1]}",ma_returns_prices,720,168,24,0.0,720,274.0857190285959,0.2803930269498916,61.13107689380725,0.7171456148756322,1.2326467245708623,446.7215905634737
0.0,0.0,"{'weighting_factor': [0, 0.5, 1]}",ma_returns_prices,720,336,24,0.0,720,267.4455360004263,0.3036551984757317,64.39916262226131,0.6801535271705309,1.2266414483495025,413.7406841192717
1.0,1.0,"{'coef_liquidity_in': [0, 1, inf], 'coef_liquidity_out': [0, 1, inf], 'weighting_factor': [0, 0.5, 1]}",ma_returns_prices,720,336,24,0.0,720,258.589318832766,0.2869021739875854,61.17392331810577,0.6992932647849939,1.232577515203089,421.0769963098424
0.0,0.0,"{'weighting_factor': [0, 0.5, 1]}",ma_returns_prices,720,336,-1,0.0,720,252.1247069569176,0.302467205924408,63.15302199562272,0.6752046235492072,1.2252885024261555,397.6447983349453
1.0,1.0,"{'coef_liquidity_in': [0, 1, inf], 'coef_liquidity_out': [0, 1, inf]}",ma_returns_prices,48,336,24,0.0,360,244.58381809768164,0.3150062539556424,68.19470819029428,0.6549897819124798,1.150389130537388,357.1887387771672
0.0,0.0,"{'weighting_factor': [0, 0.5, 1]}",ma_returns_prices,720,336,24,0.0,360,243.598014746744,0.3024645675537893,64.39916262226131,0.6719729370631983,1.2153070973646247,376.7098901110297
1.0,1.0,"{'coef_liquidity_in': [0, 1, inf], 'coef_liquidity_out': [0, 1, inf]}",ma_returns_prices,720,336,24,0.0,360,210.9399376810611,0.2940219270471456,64.39916262226131,0.6696171286927314,1.1895768236779478,325.9979309241665
1.0,1.0,"{'coef_liquidity_in': [0, 1, inf], 'coef_liquidity_out': [0, 1, inf]}",ma_returns_prices,720,336,24,0.0,720,210.9399376810611,0.2940219270471456,64.39916262226131,0.6696171286927314,1.1895768236779478,325.9979309241665
1.0,1.0,"{'coef_liquidity_in': [0, 1, inf], 'coef_liquidity_out': [0, 1, inf]}",ma_returns_prices,720,336,-1,0.0,360,210.9399376810611,0.2940219270471456,64.39916262226131,0.6696171286927314,1.1895768236779478,325.9979309241665
1.0,1.0,"{'coef_liquidity_in': [0, 1, inf], 'coef_liquidity_out': [0, 1, inf]}",ma_returns_prices,720,336,-1,0.0,720,210.9399376810611,0.2940219270471456,64.39916262226131,0.6696171286927314,1.1895768236779478,325.9979309241665
0.0,0.0,{},ma_returns_prices,720,336,-1,0.0,360,210.9399376810611,0.2940219270471456,64.39916262226131,0.6696171286927314,1.1895768236779478,325.9979309241665
5.0,5.0,{},ma_returns_prices,168,720,-1,0.0,360,202.7354802058265,0.276675504085515,48.17743720466441,0.6906216772623291,1.2289176832435624,418.7343534875597
1.0,1.0,"{'weighting_factor': [-1, 0, 1]}",ma_returns_prices,168,720,24,0.0,720,196.7517950831315,0.3323988989161539,71.43688354995048,0.6203605056006962,1.124726509356624,274.0206254186003
inf,0.0,"{'weighting_factor': [0, 0.5, 1]}",ma_returns_prices,720,336,24,0.0,360,194.5163829757508,0.2560561914460465,49.87158637322442,0.7171975080663634,1.3284918607693477,388.0293310253468
inf,0.0,"{'weighting_factor': [0, 0.5, 1]}",ma_returns_prices,720,336,-1,0.0,720,194.5163829757508,0.2560561914460465,49.87158637322442,0.7171975080663634,1.3284918607693477,388.0293310253468
0.0,0.0,"{'weighting_factor': [0, 0.5, 1]}",ma_returns_prices,720,168,-1,0.0,360,181.69734637071303,0.2916883716523692,63.11235960094845,0.6597154820932933,1.1595494414435767,286.31055392832684
0.0,0.0,"{'weighting_factor': [0, 0.5, 1]}",ma_returns_prices,720,168,24,0.0,360,177.55076050515484,0.2903853209023916,64.062284750496,0.6591940440551253,1.1486843920934398,275.59235702062267
inf,0.0,"{'weighting_factor': [0, 0.5, 1]}",ma_returns_prices,720,336,24,0.0,720,173.51995246652396,0.2507360281683133,49.87158637322442,0.7150668420403614,1.305081503478319,345.9283431961336
1.0,1.0,{},ma_returns_prices,720,336,-1,0.0,360,173.45656451010143,0.2727586038987953,63.75837114016674,0.6789292262419623,1.1782511566301523,270.4845833200036
inf,0.0,{},ma_returns_prices,720,336,-1,0.0,360,172.8929816787046,0.2497748516084574,49.87158637322442,0.7164383910308172,1.3077848239975316,344.67117286445955
5.0,1.0,{},ma_returns_prices,168,720,-1,0.0,360,170.96318248191938,0.2923801951486175,63.590869334782006,0.6522231700433012,1.1412127917390298,267.2760795062057
1.0,1.0,{},ma_returns_prices,168,720,-1,0.0,360,170.3930013038947,0.2950385832605832,62.62599177270934,0.6486371496715854,1.1380122724547854,270.4835428693545
inf,0.0,"{'weighting_factor': [0, 0.5, 1]}",ma_returns_prices,720,336,-1,0.0,360,168.72426149730765,0.262508685440652,49.87158637322442,0.6910495304087297,1.276546071035723,336.31226454700703
5.0,1.0,{},ma_returns_prices,720,336,-1,0.0,360,163.06148987965506,0.2679061469807757,61.18186888812026,0.679654023681921,1.181697566015735,264.88483079195817
0.0,0.0,"{'weighting_factor': [0, 0.5, 1]}",ma_returns_prices,720,336,-1,0.0,360,159.25676305245912,0.3169618415205266,70.09548453102661,0.6173239390201678,1.1084105367564103,225.773120923944
1.0,1.0,"{'coef_liquidity_in': [0, 1, inf], 'coef_liquidity_out': [0, 1, inf]}",ma_ma_returns_prices,168,336,24,0.0,360,158.63391330806695,0.264320885637531,69.56684856727202,0.6857696369833958,1.1200178143052322,226.5934371824145
1.0,1.0,"{'coef_liquidity_in': [0, 1, inf], 'coef_liquidity_out': [0, 1, inf]}",ma_ma_returns_prices,168,336,-1,0.0,360,158.63391330806695,0.264320885637531,69.56684856727202,0.6857696369833958,1.1200178143052322,226.5934371824145
0.0,0.0,"{'weighting_factor': [0, 0.5, 1]}",ma_returns_prices,720,168,24,0.0,720,157.8205931409037,0.2923940472464408,65.0051564929245,0.644874506381,1.129536279903672,241.2433129946743
1.0,1.0,"{'coef_liquidity_in': [0, 1, inf], 'coef_liquidity_out': [0, 1, inf]}",ma_returns_prices,720,168,24,0.0,360,154.67855598787207,0.2849649628177623,65.0051564929245,0.6523604242868978,1.126005718898745,236.40979312864087
1.0,1.0,"{'coef_liquidity_in': [0, 1, inf], 'coef_liquidity_out': [0, 1, inf]}",ma_returns_prices,720,168,-1,0.0,720,154.67855598787207,0.2849649628177623,65.0051564929245,0.6523604242868978,1.126005718898745,236.40979312864087
1.0,1.0,"{'coef_liquidity_in': [0, 1, inf], 'coef_liquidity_out': [0, 1, inf]}",ma_returns_prices,720,168,24,0.0,720,154.67855598787207,0.2849649628177623,65.0051564929245,0.6523604242868978,1.126005718898745,236.40979312864087
0.0,0.0,{},ma_returns_prices,720,168,-1,0.0,360,154.67855598787207,0.2849649628177623,65.0051564929245,0.6523604242868978,1.126005718898745,236.40979312864087
1.0,1.0,"{'coef_liquidity_in': [0, 1, inf], 'coef_liquidity_out': [0, 1, inf]}",ma_returns_prices,720,168,-1,0.0,360,154.67855598787207,0.2849649628177623,65.0051564929245,0.6523604242868978,1.126005718898745,236.40979312864087
1.0,5.0,{},ma_returns_prices,720,336,-1,0.0,360,153.5090210636624,0.269627636109581,63.75837114016674,0.670655270281108,1.1589138331942497,239.19842733809145
inf,0.0,"{'weighting_factor': [0, 0.5, 1]}",ma_returns_prices,48,336,-1,0.0,360,152.8382689814228,0.3156307701789732,68.19470819029428,0.6109903540570594,1.0902699739238384,222.6540343243715
0.0,0.0,"{'weighting_factor': [0, 0.5, 1]}",ma_returns_prices,720,168,-1,0.0,720,147.05270239645267,0.2922619506488359,64.062284750496,0.6380319460731885,1.118128532654293,227.98547220925
5.0,5.0,{},ma_returns_prices,720,336,-1,0.0,360,144.1490273486911,0.2650651864606696,61.18186888812026,0.6707278546691208,1.160430920742233,233.9729562862152
inf,inf,"{'weighting_factor': [0, 0.5, 1]}",ma_returns_prices,720,168,24,0.0,360,142.2396614962251,0.232832999576987,44.154372267984805,0.7307107516442947,1.2260270344600437,319.8769549683629
inf,0.0,"{'weighting_factor': [0, 0.5, 1]}",ma_returns_prices,168,336,24,0.0,360,141.92873909383636,0.3286521386709468,64.33829284144356,0.5949628994488254,1.0589818901389951,219.04332998257144
inf,0.0,{},ma_returns_prices,720,168,-1,0.0,360,141.04506988964332,0.2503753771101245,50.36999047549271,0.695460174355862,1.1819213120845606,278.03275038890786
inf,0.0,"{'weighting_factor': [0, 0.5, 1]}",ma_returns_prices,168,336,-1,0.0,720,140.8778506286447,0.2983994061106982,58.39611104131883,0.6254347166399546,1.0915464257757286,239.5328184263376
inf,0.0,"{'weighting_factor': [0, 0.5, 1]}",ma_returns_prices,720,168,24,0.0,360,138.81397511919914,0.2546402283897049,50.36999047549271,0.6861587062012713,1.172833424335769,273.6033376584653
inf,inf,{},ma_returns_prices,720,168,-1,0.0,360,137.18298689979355,0.2311870240722711,44.15437226798479,0.7297967712234152,1.2211672391201416,308.4246925157542
inf,inf,"{'weighting_factor': [0, 0.5, 1]}",ma_returns_prices,720,168,-1,0.0,360,134.0567181404418,0.2342253082554856,44.15437226798482,0.7203253844142982,1.2174481222504994,301.3443772518939
inf,inf,"{'weighting_factor': [0, 0.5, 1]}",ma_returns_prices,720,168,-1,0.0,720,123.84581788388395,0.2330705618207566,44.15437226798479,0.7130538494561681,1.195902355394195,278.2189205143707
inf,inf,"{'weighting_factor': [0, 0.5, 1]}",ma_returns_prices,720,168,24,0.0,720,123.84581788388395,0.2330705618207566,44.15437226798479,0.7130538494561681,1.195902355394195,278.2189205143707
5.0,1.0,{},ma_returns_prices,720,168,-1,0.0,360,122.32791267724149,0.2598817034372197,61.74001389224652,0.6628556019536461,1.124502788775164,196.51422963556888
1.0,1.0,{},ma_returns_prices,720,168,-1,0.0,360,120.22686131241356,0.2645386431218674,64.35569657968581,0.6539089579331007,1.1023981979495754,185.2623274223841
1.0,1.0,"{'coef_liquidity_in': [0, 1, inf], 'coef_liquidity_out': [0, 1, inf], 'weighting_factor': [0, 0.5, 1]}",ma_returns_prices,720,168,-1,0.0,720,120.19798622495288,0.273843244950725,69.80206121086812,0.6408831489524243,1.0818053331933375,170.7657111512258
inf,0.0,"{'weighting_factor': [0, 0.5, 1]}",ma_returns_prices,720,168,-1,0.0,720,118.94929265352664,0.2542371911518779,50.36999047549271,0.6693058719954369,1.1439695214201338,234.16580297134328
1.0,1.0,"{'coef_liquidity_in': [0, 1, inf], 'coef_liquidity_out': [0, 1, inf], 'weighting_factor': [0, 0.5, 1]}",ma_returns_prices,720,168,24,0.0,360,117.47234932315315,0.2709253780290477,69.95316377180201,0.6423842540483372,1.0789842893513888,166.50047409307166
1.0,5.0,{},ma_returns_prices,168,720,-1,0.0,360,117.40595096319308,0.2636464483446783,51.66205680364876,0.6518528030465366,1.1511187618643546,225.32194450874368
inf,0.0,"{'weighting_factor': [0, 0.5, 1]}",ma_returns_prices,168,336,24,0.0,720,116.6755039360991,0.3024617519694043,63.89231635539405,0.6030823252964461,1.0520383148849912,181.04759779355425
inf,0.0,"{'weighting_factor': [0, 0.5, 1]}",ma_returns_prices,720,168,24,0.0,720,115.50179892946193,0.254795669169169,50.36999047549271,0.6650601836494253,1.1364897236059834,227.3214623401056
1.0,1.0,"{'weighting_factor': [-1, 0, 1]}",ma_returns_prices,720,336,24,0.0,360,114.93829911618616,0.2528442947354567,60.75954762099212,0.6679473197135444,1.0992878257336225,187.52328412139303
1.0,1.0,"{'coef_liquidity_in': [0, 1, inf], 'coef_liquidity_out': [0, 1, inf]}",ma_ma_returns_prices,48,336,-1,0.0,720,114.30741588595168,0.3000504293097646,69.11395349102996,0.6015324988938212,1.029855801266632,163.94289454249991
5.0,5.0,{},ma_returns_prices,720,168,-1,0.0,360,113.9920844745566,0.2574496779684067,61.74001389224652,0.6588058412187676,1.11070418404343,183.0127292678605
0.0,0.0,"{'weighting_factor': [0, 0.5, 1]}",ma_returns_prices,168,336,24,0.0,360,112.23126440031808,0.3493606817245442,75.43576446583764,0.5607547219433779,0.981554901218119,147.45163012259397
inf,0.0,{},ma_returns_prices,168,336,-1,0.0,360,111.8216152576336,0.289246196643904,59.055115932439584,0.6131613126309081,1.0583027701033956,187.6579420899217
inf,0.0,"{'weighting_factor': [0, 0.5, 1]}",ma_returns_prices,720,168,-1,0.0,360,110.27888635993884,0.2551469706558962,50.36999047549271,0.6591444542154259,1.1325665695476126,216.952366534808
1.0,1.0,"{'weighting_factor': [-1, 0, 1]}",ma_returns_prices,168,720,24,0.0,360,110.05715526555242,0.3107499118235958,65.17883802329804,0.5901687695930381,1.0339249019307184,167.31988260755762
1.0,1.0,"{'weighting_factor': [-1, 0, 1]}",ma_returns_prices,48,336,24,0.0,720,109.3828323060725,0.3382199884867418,70.24804502006909,0.5622826032829027,1.00324688985021,154.2859054299785
1.0,5.0,{},ma_returns_prices,720,168,-1,0.0,360,107.3134227204029,0.2618193679717578,64.35569657968581,0.6454781727198835,1.0839027883600074,165.1966001001398
1.0,1.0,"{'weighting_factor': [-1, 0, 1]}",ma_returns_prices,48,168,-1,0.0,720,105.86255851309284,0.2618881896485137,63.41110243078468,0.643570534222358,1.1094759833794248,165.36939824938986
1.0,1.0,"{'weighting_factor': [-1, 0, 1]}",ma_returns_prices,168,336,-1,0.0,360,101.59414173988142,0.2522843098722062,55.059417840403,0.6537734426758335,1.1640509899237488,182.701063115972
inf,0.0,"{'weighting_factor': [0, 0.5, 1]}",ma_returns_prices,48,336,-1,0.0,720,100.08502581418124,0.3123300781685583,68.19470819029428,0.5750738904985105,1.0212150073860422,145.29723558269202
1.0,1.0,"{'weighting_factor': [-1, 0, 1]}",ma_returns_prices,720,168,24,0.0,360,99.40541422620656,0.2633104406864542,66.0514576137408,0.6349346306845323,1.0663803615892975,148.98295629093752
inf,0.0,"{'weighting_factor': [0, 0.5, 1]}",ma_returns_prices,48,336,24,0.0,360,97.92756859024584,0.3116138042061352,68.19470819029428,0.5738000895406239,1.011043830352897,142.13356309081018
inf,0.0,{},ma_returns_prices,48,336,-1,0.0,360,96.7270133823321,0.3075308795259988,68.19470819029428,0.5761274330458914,1.0167151867421524,140.37308161098096
5.0,1.0,{},ma_returns_prices,48,336,-1,0.0,360,94.88430491746414,0.2978742015233702,68.19470819029428,0.5830533670016383,1.0375544894695323,137.67095337586048
inf,0.0,"{'weighting_factor': [0, 0.5, 1]}",ma_returns_prices,168,336,-1,0.0,360,93.23920047530312,0.3089554900567731,73.01627670617918,0.5755421844696691,1.008515478296694,126.32690221452656
1.0,1.0,"{'coef_liquidity_in': [0, 1, inf], 'coef_liquidity_out': [0, 1, inf], 'weighting_factor': [0, 0.5, 1]}",ma_ma_returns_prices,48,336,24,0.0,720,92.90492847275856,0.251980735360396,62.70828967119575,0.6440105908257784,1.1204066501631804,146.55945642059808
inf,inf,"{'weighting_factor': [0, 0.5, 1]}",ma_returns_prices,720,336,-1,0.0,720,91.72065312321888,0.2198598760985869,35.02914279491917,0.698328007645465,1.2618566644224678,258.98622085715874
1.0,1.0,"{'weighting_factor': [-1, 0, 1]}",ma_returns_prices,48,336,24,0.0,360,89.3733571505843,0.3299972815434827,68.19470819029426,0.5512187086098664,0.9796219241010374,129.58975776240942
inf,inf,"{'weighting_factor': [0, 0.5, 1]}",ma_returns_prices,720,336,24,0.0,360,87.48615063026834,0.2187187518022643,35.02914279491917,0.6945898544934349,1.2539901846934385,246.89770782176493
1.0,1.0,"{'weighting_factor': [-1, 0, 1]}",ma_returns_prices,720,168,-1,0.0,360,87.06766671353898,0.2583288456336752,60.98980570349902,0.6272740095382293,1.0581208153845332,141.1181192016836
1.0,1.0,"{'coef_liquidity_in': [0, 1, inf], 'coef_liquidity_out': [0, 1, inf]}",ma_returns_prices,168,336,-1,0.0,360,83.8108800787951,0.2776998319366536,65.1181491703457,0.5968731937837836,1.0239576930569236,127.1701992975355
1.0,1.0,"{'coef_liquidity_in': [0, 1, inf], 'coef_liquidity_out': [0, 1, inf]}",ma_returns_prices,48,336,24,0.0,720,82.63343043959935,0.2902587425103896,68.19470819029428,0.5770018588000589,1.009374517059627,119.70640040251354
inf,inf,{},ma_returns_prices,720,336,-1,0.0,360,81.52453257352832,0.212508697791545,33.90990424316605,0.7003936364024109,1.2407458674667131,237.4661160824618
inf,inf,"{'weighting_factor': [0, 0.5, 1]}",ma_returns_prices,720,336,24,0.0,720,81.52453257352832,0.212508697791545,33.90990424316605,0.7003936364024109,1.2407458674667131,237.4661160824618
1.0,1.0,"{'coef_liquidity_in': [0, 1, inf], 'coef_liquidity_out': [0, 1, inf], 'weighting_factor': [0, 0.5, 1]}",ma_returns_prices,48,336,24,0.0,360,81.48662845979202,0.3064644793372281,68.19470819029428,0.5608252424699744,0.9822432696848143,118.02474208878157
inf,0.0,"{'weighting_factor': [0, 0.5, 1]}",ma_returns_prices,48,336,24,0.0,720,80.24369024659082,0.3210473797354506,69.23528368250786,0.5476776406221975,0.971282818436058,114.45564462475303
0.0,0.0,"{'weighting_factor': [0, 0.5, 1]}",ma_returns_prices,168,336,24,0.0,720,80.23817123145169,0.3741063043810003,75.12857021410674,0.5186227834104842,0.9175171528173884,105.47009081316617
inf,inf,"{'weighting_factor': [0, 0.5, 1]}",ma_returns_prices,720,336,-1,0.0,360,79.55884859423418,0.2273408618769915,39.663143020125176,0.665511467493582,1.1981254513291564,198.0651118706685
0.0,0.0,"{'weighting_factor': [0, 0.5, 1]}",ma_returns_prices,168,336,-1,0.0,720,78.42034213443023,0.3324847023759331,77.77670717134392,0.5428542221082779,0.9362338405066256,99.5418100741542
1.0,1.0,"{'weighting_factor': [-1, 0, 1]}",ma_returns_prices,168,336,-1,0.0,720,76.10577137723372,0.2265455872622717,44.34627182099785,0.6649404956126852,1.1436360173361286,169.36208680719656
1.0,1.0,"{'coef_liquidity_in': [0, 1, inf], 'coef_liquidity_out': [0, 1, inf], 'weighting_factor': [0, 0.5, 1]}",ma_returns_prices,168,336,-1,0.0,360,75.17451091030408,0.3121002041699639,76.56645475094855,0.5533495699986265,0.942868610530786,96.87598982031378
1.0,1.0,"{'weighting_factor': [-1, 0, 1]}",ma_returns_prices,48,168,24,0.0,720,73.79390017464574,0.3694564836260129,70.24804502006909,0.5116760121737401,0.921114131536818,103.62409395713335
0.0,inf,"{'weighting_factor': [0, 0.5, 1]}",ma_returns_prices,720,336,24,0.0,720,71.3008870931909,0.2497662108683681,64.39916262226131,0.6151280213197338,1.0411766665943931,109.16428759415186
1.0,1.0,{},mstd_returns_prices,48,336,-1,0.0,360,70.14983804111385,0.2549760638634572,62.103896430691904,0.6076511354381369,1.0062935418462866,111.34540989434574
1.0,5.0,{},mstd_returns_prices,48,336,-1,0.0,360,66.4535918521333,0.2507306446385878,60.37777549992794,0.6073727181542816,1.0074316563280643,108.4067627702041
1.0,5.0,{},ma_returns_prices,48,336,-1,0.0,360,66.08163603477935,0.3089884053610579,68.19470819029428,0.5388640767334004,0.9458619529621553,95.43502386310088
1.0,1.0,"{'weighting_factor': [-1, 0, 1]}",ma_returns_prices,720,168,24,0.0,720,65.71175167815245,0.2572716778806443,60.71319031418514,0.5973535155314944,0.9952277288402276,106.5859845995164
1.0,1.0,"{'weighting_factor': [-1, 0, 1]}",ma_returns_prices,720,336,-1,0.0,720,64.00294394898327,0.2456289084892967,54.45608427173716,0.6113615451962918,1.0027614428689784,115.69495822468078
1.0,1.0,{},mstd_returns_prices,168,336,-1,0.0,360,63.85598632391368,0.2448970503738385,61.66359597814638,0.6125217860886826,0.9971491258880516,101.93370225471423
1.0,5.0,{},mstd_returns_prices,168,336,-1,0.0,360,63.72704036720814,0.2447660245584502,61.61120296062078,0.612480310678957,0.9969875484484614,101.81109498430108
1.0,1.0,"{'weighting_factor': [-1, 0, 1]}",ma_returns_prices,48,168,-1,0.0,360,62.51951860635447,0.2822963876830616,69.1247279014377,0.5634645429590215,0.9604524005024234,88.9978455959679
0.0,inf,"{'weighting_factor': [0, 0.5, 1]}",ma_returns_prices,720,336,-1,0.0,720,61.99822318565687,0.2499181741698344,63.15302199562272,0.5977545475288225,1.0208207062897934,96.58797197366866
1.0,1.0,"{'coef_liquidity_in': [0, 1, inf], 'coef_liquidity_out': [0, 1, inf], 'weighting_factor': [0, 0.5, 1]}",ma_ma_returns_prices,720,168,-1,0.0,720,60.90181156181173,0.2442257682671811,58.82882740096908,0.6070722856270121,0.9968069209908712,101.82390880159714
5.0,1.0,{},mstd_returns_prices,48,336,-1,0.0,360,60.77714093063346,0.2350319311449639,49.926877933804136,0.6205467377761127,1.0352628432777544,119.7293790528808
0.0,inf,"{'weighting_factor': [0, 0.5, 1]}",ma_returns_prices,720,336,24,0.0,360,59.90148394473798,0.2499141283672047,64.39916262226131,0.5938458701564691,1.0094183604746665,91.46312086420994
1.0,1.0,"{'coef_liquidity_in': [0, 1, inf], 'coef_liquidity_out': [0, 1, inf]}",ma_ma_returns_prices,720,168,24,0.0,720,59.22898995177233,0.2658892257375969,70.73067831584939,0.5753520918615674,0.9731495455376656,82.32494207357874
1.0,1.0,"{'coef_liquidity_in': [0, 1, inf], 'coef_liquidity_out': [0, 1, inf]}",ma_ma_returns_prices,720,168,-1,0.0,720,59.22898995177233,0.2658892257375969,70.73067831584939,0.5753520918615674,0.9731495455376656,82.32494207357874
1.0,1.0,"{'coef_liquidity_in': [0, 1, inf], 'coef_liquidity_out': [0, 1, inf]}",ma_ma_returns_prices,720,168,24,0.0,360,59.22898995177233,0.2658892257375969,70.73067831584939,0.5753520918615674,0.9731495455376656,82.32494207357874
1.0,1.0,"{'coef_liquidity_in': [0, 1, inf], 'coef_liquidity_out': [0, 1, inf]}",ma_ma_returns_prices,720,168,-1,0.0,360,59.22898995177233,0.2658892257375969,70.73067831584939,0.5753520918615674,0.9731495455376656,82.32494207357874
1.0,1.0,"{'coef_liquidity_in': [0, 1, inf], 'coef_liquidity_out': [0, 1, inf], 'weighting_factor': [0, 0.5, 1]}",ma_returns_prices,48,168,24,0.0,720,58.20669139238609,0.3490069838672526,69.23528368250787,0.5035599058322057,0.8846935433858354,82.6264995962445
5.0,5.0,{},mstd_returns_prices,48,336,-1,0.0,360,57.40079423101276,0.2315356692514222,48.841292271266624,0.6192334075852082,1.0342678227132622,115.47768621223275
1.0,1.0,{},mstd_returns_prices,720,720,-1,0.0,360,56.59512281345259,0.2594976413979971,66.40451695084235,0.5780798775992952,0.9564651188838322,83.7218993018326
1.0,5.0,{},mstd_returns_prices,720,720,-1,0.0,360,56.573501762601055,0.2594075666595124,66.40451695084235,0.5781469389924397,0.956569209332292,83.68933969317293
0.0,inf,{},ma_returns_prices,720,336,-1,0.0,360,55.81958337261565,0.2444975255868003,64.39916262226131,0.5944043249511924,0.9948820851364368,85.12468352137512
5.0,1.0,{},mstd_returns_prices,720,720,-1,0.0,360,55.39982479486248,0.2583223804598565,66.40451695084235,0.5771364287593491,0.9544539989111605,81.92187413264877
5.0,5.0,{},mstd_returns_prices,720,720,-1,0.0,360,55.37856585097111,0.2582333896748103,66.40451695084235,0.5772023762151397,0.954553377402591,81.88985982870146
1.0,1.0,{},mstd_returns_prices,168,720,-1,0.0,360,52.0409659333174,0.2622989898050655,65.31109152677784,0.5652057762304339,0.942044322377802,78.15053268921463
1.0,5.0,{},mstd_returns_prices,168,720,-1,0.0,360,52.0409659333174,0.2622989898050655,65.31109152677784,0.5652057762304339,0.942044322377802,78.15053268921463
1.0,1.0,"{'coef_liquidity_in': [0, 1, inf], 'coef_liquidity_out': [0, 1, inf], 'weighting_factor': [0, 0.5, 1]}",ma_ma_returns_prices,48,336,24,0.0,360,51.55183216673735,0.259601836157468,76.2805827053376,0.5675744740479659,0.9485404608061478,66.27090456559934
1.0,1.0,"{'coef_liquidity_in': [0, 1, inf], 'coef_liquidity_out': [0, 1, inf], 'weighting_factor': [0, 0.5, 1]}",ma_returns_prices,168,336,24,0.0,720,51.490805885826994,0.3357732819844488,70.24804502006909,0.4988951583637728,0.8827240091447679,71.8750334922521
1.0,1.0,{},mstd_returns_prices,48,168,-1,0.0,360,51.418952345399646,0.249640864779616,63.0921819842052,0.5795663003725534,0.9421968896274128,79.91315367412997
1.0,1.0,"{'weighting_factor': [-1, 0, 1]}",ma_returns_prices,720,168,-1,0.0,720,51.31233116825052,0.2592229263705512,66.05145761374077,0.5671695467024532,0.9447665768754606,76.17141693143195
5.0,5.0,{},mstd_returns_prices,168,720,-1,0.0,360,50.94584336763839,0.2575095111485561,65.31109152677784,0.568485429395272,0.9418356508737024,76.47375384495047
5.0,1.0,{},mstd_returns_prices,168,720,-1,0.0,360,50.94584336763839,0.2575095111485561,65.31109152677784,0.568485429395272,0.9418356508737024,76.47375384495047
1.0,1.0,{},mstd_returns_prices,720,336,-1,0.0,360,50.82740833508561,0.2298304151761295,63.38469124418157,0.6093651919963377,0.9721378851763736,78.61110838756281
1.0,5.0,{},mstd_returns_prices,48,168,-1,0.0,360,50.38566334517517,0.249484859374148,63.092181984205176,0.5774225668708846,0.9384620477630964,78.27540876227523
1.0,5.0,{},mstd_returns_prices,720,336,-1,0.0,360,50.23770787147826,0.2288589697959662,63.09504540331557,0.6094979609677096,0.9723523748257016,78.03736023445491
5.0,1.0,{},mstd_returns_prices,720,336,-1,0.0,360,49.17487153062804,0.2285604074714143,62.8117143723526,0.6073057651681164,0.9677804019862856,76.69727217608448
5.0,5.0,{},mstd_returns_prices,720,336,-1,0.0,360,48.62354868675055,0.2277213618780171,62.57925603430364,0.6072673407520672,0.967673263720046,76.10117426235473
1.0,1.0,"{'coef_liquidity_in': [0, 1, inf], 'coef_liquidity_out': [0, 1, inf], 'weighting_factor': [0, 0.5, 1]}",ma_returns_prices,48,168,-1,0.0,720,48.48459540026175,0.3524669398849928,69.23528368250787,0.4872823188437829,0.840385910145055,68.58438772059026
1.0,1.0,{},mstd_returns_prices,720,168,-1,0.0,360,48.056520083657695,0.227188870923938,63.432078746256224,0.6066396014647285,0.968284912793711,74.1841052882647
0.0,inf,"{'weighting_factor': [0, 0.5, 1]}",ma_returns_prices,720,336,-1,0.0,360,47.84771827655596,0.2683067700545339,70.09548453102661,0.5474809660919253,0.9277343463509564,66.83414572278132
1.0,5.0,{},mstd_returns_prices,720,168,-1,0.0,360,47.62017748104623,0.2268519159464362,63.40535306261887,0.6060440974728785,0.9671951317678928,73.5271948332254
5.0,1.0,{},mstd_returns_prices,720,168,-1,0.0,360,47.48357394097157,0.2265996760003761,63.37299434115914,0.6060999224640242,0.9669527334100976,73.34918355085784
5.0,5.0,{},mstd_returns_prices,720,168,-1,0.0,360,47.0508590246305,0.226261621580665,63.346037412161074,0.6055004703430199,0.9658567003191894,72.69730026678785
1.0,1.0,{},mstd_returns_prices,168,168,-1,0.0,360,46.8466780620556,0.2425810985842292,61.437562287389,0.5792564320332044,0.9365813735996364,74.62320501519365
5.0,1.0,{},mstd_returns_prices,168,336,-1,0.0,360,46.4520980727449,0.2302157686566316,58.12993290856395,0.5965044553022788,0.9639246970370576,78.19052216048352
1.0,5.0,{},mstd_returns_prices,168,168,-1,0.0,360,46.37157013441436,0.2421872797772172,61.38327066583018,0.5785851341732143,0.935353641094774,73.91520465147038
5.0,5.0,{},mstd_returns_prices,168,336,-1,0.0,360,46.33138546596594,0.230087794568942,58.12993290856395,0.5963814364781651,0.9636137118437592,77.98286218095312
inf,inf,"{'weighting_factor': [0, 0.5, 1]}",ma_returns_prices,48,168,-1,0.0,360,44.80487982152511,0.3056910933187624,68.19470819029428,0.5051659491504121,0.873572780098808,64.2350132202187
1.0,1.0,"{'coef_liquidity_in': [0, 1, inf], 'coef_liquidity_out': [0, 1, inf], 'weighting_factor': [0, 0.5, 1]}",ma_ma_returns_prices,48,336,-1,0.0,720,43.48622186350292,0.2879050958441652,69.11395349102996,0.5174269932521411,0.8788242596307246,61.47271240823614
5.0,1.0,{},mstd_returns_prices,48,168,-1,0.0,360,42.77295976806358,0.2391718474745623,61.9237955055007,0.5719172275728153,0.9110509395159306,67.45865531506848
5.0,5.0,{},mstd_returns_prices,48,168,-1,0.0,360,41.91086858288291,0.2390099333531579,61.9237955055007,0.5696823242779668,0.907240757747744,66.06647452553
inf,inf,"{'weighting_factor': [0, 0.5, 1]}",ma_returns_prices,168,336,-1,0.0,720,39.547837308509,0.247209925628856,58.39611104131883,0.5520481999830047,0.9289600404787586,66.01096652007193
inf,inf,"{'weighting_factor': [0, 0.5, 1]}",ma_returns_prices,168,336,24,0.0,360,38.03656806460842,0.248299103938611,60.05422001410399,0.5459834031767671,0.924190437483302,61.67188260193909
1.0,1.0,"{'coef_liquidity_in': [0, 1, inf], 'coef_liquidity_out': [0, 1, inf], 'weighting_factor': [0, 0.5, 1]}",ma_returns_prices,168,336,24,0.0,360,37.2171142922836,0.3233621636798978,75.43576446583764,0.4802348021389364,0.81850684297725,48.01053525305643
1.0,1.0,"{'weighting_factor': [-1, 0, 1]}",ma_returns_prices,48,336,-1,0.0,360,36.99111163592553,0.2658387601090036,73.39157358904848,0.5242719008841216,0.8891664525880749,49.03984187265898
5.0,1.0,{},mstd_returns_prices,168,168,-1,0.0,360,35.623109136948614,0.2300294583265249,58.74333941163368,0.5635862250380295,0.904495328942232,58.939633809942656
5.0,5.0,{},mstd_returns_prices,168,168,-1,0.0,360,35.21976719855043,0.229638431013842,58.74333941163368,0.5627185885256646,0.9029036711593396,58.253016497345165
inf,inf,"{'weighting_factor': [0, 0.5, 1]}",ma_returns_prices,48,168,24,0.0,720,35.15979219217998,0.3094944732219777,69.23528368250786,0.4795083475856917,0.8324337872348195,49.338704740239805
1.0,1.0,{},mstd_returns_prices,48,720,-1,0.0,360,34.79077130747718,0.2480742058417014,65.45576188295857,0.5357337527335886,0.8911879207162425,51.623830103602565
1.0,5.0,{},mstd_returns_prices,48,720,-1,0.0,360,34.79077130747718,0.2480742058417014,65.45576188295857,0.5357337527335886,0.8911879207162425,51.623830103602565
1.0,1.0,"{'coef_liquidity_in': [0, 1, inf], 'coef_liquidity_out': [0, 1, inf], 'weighting_factor': [0, 0.5, 1]}",ma_ma_returns_prices,720,336,-1,0.0,720,34.673593181099946,0.2615527357358354,71.75425472158055,0.5177977642017687,0.8917179173911788,46.92905432822007
5.0,5.0,{},ma_returns_prices,48,336,-1,0.0,360,34.578477008375856,0.2890701204992,68.19470819029428,0.4909353356627792,0.8598945994924299,49.23912411895161
1.0,1.0,"{'weighting_factor': [-1, 0, 1]}",ma_returns_prices,48,168,24,0.0,360,33.827188033391884,0.3438252345726511,68.19470819029426,0.4611301387189432,0.8008747654432717,48.13744189914134
0.0,0.0,"{'weighting_factor': [0, 0.5, 1]}",ma_returns_prices,168,168,24,0.0,360,33.625439654670366,0.3619415135417703,80.69949556969385,0.4567855501148296,0.7956827711236988,40.42830679963089
1.0,1.0,"{'coef_liquidity_in': [0, 1, inf], 'coef_liquidity_out': [0, 1, inf]}",ma_returns_prices,168,336,24,0.0,360,33.21176631739719,0.2309824006540053,49.97891239498871,0.5503088717670945,0.9411624669311032,64.45071485914728
1.0,1.0,"{'weighting_factor': [-1, 0, 1]}",ma_returns_prices,720,336,24,0.0,720,32.62093710808523,0.2589187721574662,74.51406678657104,0.5148019185805236,0.8760678812340975,42.43619825321892
1.0,1.0,"{'coef_liquidity_in': [0, 1, inf], 'coef_liquidity_out': [0, 1, inf]}",ma_returns_prices,48,168,-1,0.0,360,32.269997213001886,0.2320342720469186,65.4058947312761,0.5481347345943579,0.8975804965679421,47.80914219043479
inf,inf,"{'weighting_factor': [0, 0.5, 1]}",ma_returns_prices,168,336,24,0.0,720,30.64827955549884,0.2415018696190887,59.554667973271776,0.5289139305676877,0.8815848076700483,49.78330089726137
1.0,1.0,"{'coef_liquidity_in': [0, 1, inf], 'coef_liquidity_out': [0, 1, inf]}",ma_ma_returns_prices,720,336,-1,0.0,720,30.540082449195623,0.2584597181010915,76.82648317798946,0.5108061053989136,0.8506464080838931,38.45039005723845
1.0,1.0,"{'coef_liquidity_in': [0, 1, inf], 'coef_liquidity_out': [0, 1, inf]}",ma_ma_returns_prices,720,336,24,0.0,360,30.540082449195623,0.2584597181010915,76.82648317798946,0.5108061053989136,0.8506464080838931,38.45039005723845
1.0,1.0,"{'coef_liquidity_in': [0, 1, inf], 'coef_liquidity_out': [0, 1, inf]}",ma_ma_returns_prices,720,336,24,0.0,720,30.540082449195623,0.2584597181010915,76.82648317798946,0.5108061053989136,0.8506464080838931,38.45039005723845
1.0,1.0,"{'coef_liquidity_in': [0, 1, inf], 'coef_liquidity_out': [0, 1, inf]}",ma_ma_returns_prices,720,336,-1,0.0,360,30.540082449195623,0.2584597181010915,76.82648317798946,0.5108061053989136,0.8506464080838931,38.45039005723845
1.0,1.0,"{'coef_liquidity_in': [0, 1, inf], 'coef_liquidity_out': [0, 1, inf], 'weighting_factor': [0, 0.5, 1]}",ma_returns_prices,48,168,24,0.0,360,30.33651020792136,0.3195630243969122,68.19470819029428,0.4615299671765408,0.7951841799239573,43.0187487950812
inf,inf,{},ma_returns_prices,48,168,-1,0.0,360,30.28879098786955,0.2935401134941559,68.19470819029428,0.4753052804975499,0.8153073429144139,42.9487738346801
1.0,1.0,"{'weighting_factor': [-1, 0, 1]}",ma_returns_prices,720,336,-1,0.0,360,29.829755056763407,0.2317207613228893,63.666327521522526,0.5351853527717985,0.94561737393083,45.28257900067732
1.0,1.0,"{'weighting_factor': [-1, 0, 1]}",ma_returns_prices,168,168,-1,0.0,720,28.639629070241423,0.2555517199999411,53.34141285172306,0.5040365065676655,0.8503062247100042,51.81645478171581
inf,inf,"{'weighting_factor': [0, 0.5, 1]}",ma_returns_prices,48,168,-1,0.0,720,28.2967802898082,0.3082399945179567,69.23528368250786,0.4600320568402842,0.7918731878384572,39.42611171347691
1.0,1.0,"{'coef_liquidity_in': [0, 1, inf], 'coef_liquidity_out': [0, 1, inf], 'weighting_factor': [0, 0.5, 1]}",ma_ma_returns_prices,720,336,24,0.0,360,27.92799979806368,0.2712135333326959,77.24933887550354,0.4858343112396124,0.834904899933328,34.85855049382538
inf,inf,{},ma_returns_prices,168,336,-1,0.0,360,27.72420954068508,0.2331471454157383,59.05511593243957,0.5272291226512034,0.8679884692834055,45.252996491037614
1.0,1.0,"{'coef_liquidity_in': [0, 1, inf], 'coef_liquidity_out': [0, 1, inf]}",ma_returns_prices,168,336,-1,0.0,720,27.62173773805864,0.2279569609930177,49.97891239498871,0.5312028860792426,0.90462280829482,53.26594049839298
inf,inf,"{'weighting_factor': [0, 0.5, 1]}",ma_returns_prices,48,168,24,0.0,360,27.36143688697585,0.3160295782287944,69.23528368250786,0.4533222768428595,0.7780350125345997,38.07514822624466
1.0,1.0,"{'coef_liquidity_in': [0, 1, inf], 'coef_liquidity_out': [0, 1, inf]}",ma_returns_prices,48,168,24,0.0,360,27.102335084311903,0.2877193854287357,68.19470819029428,0.4677692075037243,0.8058151609181696,38.27618854453414
inf,inf,"{'weighting_factor': [0, 0.5, 1]}",ma_returns_prices,48,336,-1,0.0,360,26.568097018070898,0.2899054672539368,68.19470819029426,0.464058356556267,0.8105561459877301,37.49278748539297
1.0,1.0,"{'coef_liquidity_in': [0, 1, inf], 'coef_liquidity_out': [0, 1, inf], 'weighting_factor': [0, 0.5, 1]}",ma_returns_prices,168,336,-1,0.0,720,24.76898225668572,0.2485472830964063,50.36999047549271,0.4938743637920312,0.852974722925337,47.18877655585503
inf,inf,"{'weighting_factor': [0, 0.5, 1]}",ma_returns_prices,168,336,-1,0.0,360,24.49203976237682,0.2495827390994985,63.78774566077961,0.4933886233647475,0.8290265987651565,36.82845273652786
inf,0.0,"{'weighting_factor': [0, 0.5, 1]}",ma_returns_prices,48,168,-1,0.0,360,22.476169794681933,0.3128960896707235,68.19470819029428,0.4369573578319412,0.7594697572580495,31.49242861301444
1.0,1.0,"{'coef_liquidity_in': [0, 1, inf], 'coef_liquidity_out': [0, 1, inf], 'weighting_factor': [0, 0.5, 1]}",ma_returns_prices,720,336,-1,0.0,360,21.7551108867809,0.200153780380948,39.663143020125176,0.5400791070305505,0.9510991050059332,52.32845736972915
inf,0.0,"{'weighting_factor': [0, 0.5, 1]}",ma_returns_prices,48,168,24,0.0,720,21.5177944269024,0.3247614422643745,69.23528368250787,0.4282627184656143,0.7431742776920033,29.634881718678034
1.0,1.0,"{'coef_liquidity_in': [0, 1, inf], 'coef_liquidity_out': [0, 1, inf]}",ma_ma_returns_prices,48,168,-1,0.0,360,21.28246990661452,0.2408648122753913,57.06515008667341,0.4869723974387405,0.7841715519672156,35.5426558517913
inf,inf,"{'weighting_factor': [0, 0.5, 1]}",ma_returns_prices,48,336,24,0.0,360,20.47941947477875,0.2903777717680604,69.23528368250787,0.4375386469117315,0.7582963792341272,28.135104586420844
inf,0.0,{},ma_returns_prices,48,168,-1,0.0,360,20.06937279523858,0.2992212880858624,68.19470819029428,0.4321666359454879,0.7435576017342875,27.96312690718809
1.0,1.0,"{'coef_liquidity_in': [0, 1, inf], 'coef_liquidity_out': [0, 1, inf]}",ma_returns_prices,48,168,24,0.0,720,19.953596769869243,0.2930425925749071,68.19470819029428,0.4344563843296133,0.7427841656794504,27.793354166103448
inf,inf,{},ma_returns_prices,48,336,-1,0.0,360,19.397948189260287,0.2838956839928083,68.19470819029426,0.4359773915520469,0.7559144426699255,26.978556954773737
inf,inf,"{'weighting_factor': [0, 0.5, 1]}",ma_returns_prices,48,336,24,0.0,720,19.23644338146113,0.2957757603930374,69.23528368250787,0.4286201857201571,0.7465165136621879,26.339811742648383
1.0,1.0,"{'weighting_factor': [-1, 0, 1]}",ma_returns_prices,720,720,-1,0.0,360,18.94003520071896,0.2257852290044053,57.0524446012063,0.4864539566787433,0.8273462781938471,31.44481419879357
1.0,1.0,"{'weighting_factor': [-1, 0, 1]}",ma_returns_prices,720,720,-1,0.0,720,18.94003520071896,0.2257852290044053,57.0524446012063,0.4864539566787433,0.8273462781938471,31.44481419879357
1.0,1.0,"{'weighting_factor': [-1, 0, 1]}",ma_returns_prices,168,720,-1,0.0,360,18.93980475534156,0.2836088452892021,65.67104261861402,0.4397767113193019,0.7380786609918941,27.31767920836488
1.0,1.0,"{'weighting_factor': [-1, 0, 1]}",ma_returns_prices,168,720,-1,0.0,720,18.93980475534156,0.2836088452892021,65.67104261861402,0.4397767113193019,0.7380786609918941,27.31767920836488
1.0,1.0,{},ma_returns_prices,720,720,-1,0.0,360,18.436259518756405,0.2494822962071986,72.25607580596372,0.4603242898669156,0.7584752503515065,24.131201873707745
5.0,1.0,{},ma_returns_prices,720,720,-1,0.0,360,18.436259518756405,0.2494822962071986,72.25607580596372,0.4603242898669156,0.7584752503515065,24.131201873707745
inf,inf,"{'weighting_factor': [0, 0.5, 1]}",ma_returns_prices,48,336,-1,0.0,720,17.955354713209744,0.2863171889094858,68.19470819029426,0.4268527032878424,0.741799455544856,24.86315311430997
1.0,1.0,"{'coef_liquidity_in': [0, 1, inf], 'coef_liquidity_out': [0, 1, inf], 'weighting_factor': [0, 0.5, 1]}",ma_returns_prices,720,336,-1,0.0,720,17.796977346614653,0.216559449998181,51.20659141350201,0.4877742053180728,0.8148784443262458,32.80237345027748
1.0,1.0,"{'coef_liquidity_in': [0, 1, inf], 'coef_liquidity_out': [0, 1, inf]}",ma_ma_returns_prices,48,168,-1,0.0,720,17.179492442910675,0.228066380480643,56.50038758222038,0.474040310696232,0.7493164136487145,28.63607337094101
1.0,1.0,"{'coef_liquidity_in': [0, 1, inf], 'coef_liquidity_out': [0, 1, inf]}",ma_returns_prices,168,168,-1,0.0,360,16.999613207608075,0.2975875279973007,76.41239340127903,0.4220635818603667,0.6967385348525225,20.938505516488984
1.0,1.0,"{'coef_liquidity_in': [0, 1, inf], 'coef_liquidity_out': [0, 1, inf], 'weighting_factor': [0, 0.5, 1]}",ma_returns_prices,720,336,24,0.0,360,16.1012236692646,0.2259631803179797,61.17392331810577,0.4639205020361219,0.7690659753705127,24.68572040203781
1.0,1.0,"{'coef_liquidity_in': [0, 1, inf], 'coef_liquidity_out': [0, 1, inf], 'weighting_factor': [0, 0.5, 1]}",ma_returns_prices,720,168,-1,0.0,360,16.00827965387901,0.1961942066385433,51.070079696182525,0.5057394966602106,0.7934112244799042,29.38761745265277
1.0,1.0,"{'coef_liquidity_in': [0, 1, inf], 'coef_liquidity_out': [0, 1, inf], 'weighting_factor': [0, 0.5, 1]}",ma_ma_returns_prices,720,168,-1,0.0,360,15.806143693638784,0.1814692438381115,50.04883332442501,0.5296778174089606,0.8216038640727676,29.58339427747068
1.0,1.0,{},ma_returns_prices,48,168,-1,0.0,360,15.763863438525725,0.2369223365171241,65.27651994009278,0.454290344257804,0.7351441223685033,22.617418103898903
1.0,1.0,"{'weighting_factor': [-1, 0, 1]}",ma_returns_prices,720,720,24,0.0,360,15.67747765059717,0.2366291254096444,60.64221991104323,0.4523126447574404,0.7473195139204059,24.20339768584945
1.0,1.0,"{'coef_liquidity_in': [0, 1, inf], 'coef_liquidity_out': [0, 1, inf], 'weighting_factor': [0, 0.5, 1]}",ma_ma_returns_prices,168,336,24,0.0,360,15.567717921661387,0.2082488429724988,69.5188105206675,0.4856638338541776,0.7314149070142693,20.955073616126526
1.0,1.0,"{'weighting_factor': [-1, 0, 1]}",ma_returns_prices,48,720,24,0.0,720,15.527622734019506,0.1778635394392272,45.13203799822307,0.5320941900818704,0.8868718831247052,32.189157366639385
inf,0.0,"{'weighting_factor': [0, 0.5, 1]}",ma_returns_prices,48,168,-1,0.0,720,15.401888035436452,0.3147250049959671,69.23528368250787,0.4011246901997399,0.6926543837925969,20.801370730968863
inf,0.0,"{'weighting_factor': [0, 0.5, 1]}",ma_returns_prices,48,168,24,0.0,360,14.598819578368644,0.3177674274508884,68.19470819029428,0.3960394840565393,0.6785772800051612,19.94116543533224
1.0,1.0,"{'coef_liquidity_in': [0, 1, inf], 'coef_liquidity_out': [0, 1, inf], 'weighting_factor': [0, 0.5, 1]}",ma_ma_returns_prices,720,168,24,0.0,360,13.705752932471013,0.1907763948078057,58.82882740096906,0.4914384418729647,0.7536424287417713,21.597834758579115
0.0,inf,"{'weighting_factor': [0, 0.5, 1]}",ma_returns_prices,720,168,24,0.0,360,13.665637091867753,0.2019638895617224,61.13107689380725,0.4745309346436451,0.7329468022236978,20.71881886502611
1.0,1.0,"{'coef_liquidity_in': [0, 1, inf], 'coef_liquidity_out': [0, 1, inf], 'weighting_factor': [0, 0.5, 1]}",ma_ma_returns_prices,48,168,24,0.0,360,13.634540080299136,0.2727173056825473,62.35138215125489,0.4120879653054976,0.67098279480746,20.263448289966824
0.0,inf,"{'weighting_factor': [0, 0.5, 1]}",ma_returns_prices,720,168,-1,0.0,720,13.268744500559697,0.2007528718834173,61.13107689380725,0.4720011359034408,0.7269524777195728,20.06957037886331
0.0,inf,"{'weighting_factor': [0, 0.5, 1]}",ma_returns_prices,720,168,24,0.0,720,13.268744500559697,0.2007528718834173,61.13107689380725,0.4720011359034408,0.7269524777195728,20.06957037886331
0.0,inf,{},ma_returns_prices,720,168,-1,0.0,360,13.268744500559697,0.2007528718834173,61.13107689380725,0.4720011359034408,0.7269524777195728,20.06957037886331
0.0,inf,"{'weighting_factor': [0, 0.5, 1]}",ma_returns_prices,720,168,-1,0.0,360,13.219899957932071,0.2023151511504258,55.73434844253148,0.4691381187586403,0.7338503365080927,21.92525847957511
1.0,1.0,"{'coef_liquidity_in': [0, 1, inf], 'coef_liquidity_out': [0, 1, inf]}",ma_returns_prices,48,168,-1,0.0,720,13.076516817106484,0.2232630699559352,65.40589473127609,0.4437952946770702,0.7203213441563978,18.463957823256685
1.0,5.0,{},ma_returns_prices,48,720,-1,0.0,360,12.381530845568218,0.1658290810191109,45.13203799822307,0.5192798209490945,0.8290187757875555,25.218295805778432
1.0,1.0,{},ma_returns_prices,48,720,-1,0.0,360,12.381530845568218,0.1658290810191109,45.13203799822307,0.5192798209490945,0.8290187757875555,25.218295805778432
1.0,1.0,"{'coef_liquidity_in': [0, 1, inf], 'coef_liquidity_out': [0, 1, inf], 'weighting_factor': [0, 0.5, 1]}",ma_ma_returns_prices,720,168,24,0.0,720,11.825192657038082,0.2052350923647097,69.1114858206116,0.4502071990895035,0.6859157992721199,15.663377119595378
1.0,1.0,"{'weighting_factor': [-1, 0, 1]}",ma_returns_prices,720,720,24,0.0,720,11.081322267338775,0.241152470783686,72.25607580596372,0.4067629710696529,0.6545683510198419,13.95221392095958
1.0,1.0,"{'coef_liquidity_in': [0, 1, inf], 'coef_liquidity_out': [0, 1, inf]}",ma_ma_returns_prices,168,336,-1,0.0,720,10.561391299213984,0.187104931752384,60.92401997030951,0.458364943390386,0.6820023967848993,15.69395995844266
1.0,1.0,"{'coef_liquidity_in': [0, 1, inf], 'coef_liquidity_out': [0, 1, inf], 'weighting_factor': [0, 0.5, 1]}",ma_returns_prices,48,168,-1,0.0,360,10.48850633320975,0.2192895923477167,66.09459290351948,0.4187072992933611,0.6825126493882263,14.355949430024395
1.0,1.0,"{'coef_liquidity_in': [0, 1, inf], 'coef_liquidity_out': [0, 1, inf], 'weighting_factor': [0, 0.5, 1]}",ma_returns_prices,168,168,24,0.0,720,10.325751801399576,0.3406767637619783,70.24804502006909,0.3580829158655007,0.6251726468518061,13.275460973661705
1.0,5.0,{},ma_returns_prices,720,720,-1,0.0,360,10.311664295396122,0.2391480695675486,71.76411000776115,0.399443582508625,0.6365528778413582,12.97537765658779
5.0,5.0,{},ma_returns_prices,720,720,-1,0.0,360,10.311664295396122,0.2391480695675486,71.76411000776115,0.399443582508625,0.6365528778413582,12.97537765658779
0.0,0.0,"{'weighting_factor': [0, 0.5, 1]}",ma_returns_prices,48,336,24,0.0,360,9.564525252105907,0.2591365644415719,70.24804502006909,0.3718862547483564,0.6482984232534759,12.19183430607801
5.0,5.0,{},ma_returns_prices,48,720,-1,0.0,360,9.296541966780124,0.1615004590354792,45.13203799822307,0.4775173782815513,0.763093647831104,18.38282146068116
5.0,1.0,{},ma_returns_prices,48,720,-1,0.0,360,9.296541966780124,0.1615004590354792,45.13203799822307,0.4775173782815513,0.763093647831104,18.38282146068116
0.0,0.0,{},ma_returns_prices,48,336,-1,0.0,360,9.088843175045598,0.2424496166831046,68.19470819029428,0.3757023676103564,0.6478908414418716,11.861394219143872
1.0,1.0,"{'coef_liquidity_in': [0, 1, inf], 'coef_liquidity_out': [0, 1, inf]}",ma_returns_prices,48,336,-1,0.0,360,9.088843175045598,0.2424496166831046,68.19470819029428,0.3757023676103564,0.6478908414418716,11.861394219143872
1.0,1.0,"{'coef_liquidity_in': [0, 1, inf], 'coef_liquidity_out': [0, 1, inf]}",ma_returns_prices,168,168,24,0.0,360,9.053241026247578,0.2745268847011729,76.412393401279,0.3672439675850961,0.5900460225652767,10.539181758063846
1.0,1.0,"{'coef_liquidity_in': [0, 1, inf], 'coef_liquidity_out': [0, 1, inf], 'weighting_factor': [0, 0.5, 1]}",ma_ma_returns_prices,720,336,24,0.0,720,9.009721629583646,0.2017609793467148,70.38572524622566,0.4160482072657329,0.6236964301703634,11.379752927974778
5.0,5.0,{},mstd_returns_prices,48,720,-1,0.0,360,8.971988203298203,0.2203817517474042,65.45576188295856,0.396242709181373,0.6262224884150386,12.179200079517695
5.0,1.0,{},mstd_returns_prices,48,720,-1,0.0,360,8.971988203298203,0.2203817517474042,65.45576188295856,0.396242709181373,0.6262224884150386,12.179200079517695
1.0,1.0,"{'coef_liquidity_in': [0, 1, inf], 'coef_liquidity_out': [0, 1, inf], 'weighting_factor': [0, 0.5, 1]}",ma_ma_returns_prices,48,168,-1,0.0,360,8.714532632942335,0.2160313467766589,56.959825497325866,0.3977506948991462,0.6103212499107958,13.543813671452549
8.0,0.0,{},ma_returns_prices,48,168,-1,-1.0,360,8.216650187686763,0.2342245002183658,63.61266796204068,0.3765799195704364,0.6157898456191147,11.344674604739303
888.0,0.0,{},ma_returns_prices,48,168,-1,-1.0,360,8.11545869179441,0.1670157108301458,56.47734948909772,0.444539845959406,0.7471166454423376,12.59878297434614
8888.0,0.0,{},ma_returns_prices,48,168,-1,-1.0,360,8.11545869179441,0.1670157108301458,56.47734948909772,0.444539845959406,0.7471166454423376,12.59878297434614
1.0,1.0,"{'coef_liquidity_in': [0, 1, inf], 'coef_liquidity_out': [0, 1, inf]}",ma_returns_prices,168,168,24,0.0,720,8.067235371516677,0.1883625263301965,46.76722173237536,0.4144039175654767,0.6316783900354654,15.11151423952189
5.0,1.0,{},ma_returns_prices,48,168,-1,0.0,360,8.029664664153985,0.2218419125825545,64.75243573536359,0.3818314517281438,0.6102672609402342,10.856216579841856
88.0,0.0,{},ma_returns_prices,48,168,-1,-1.0,360,7.977440046034356,0.1884532146483063,56.477349489097726,0.4115688887841453,0.6956794975185584,12.35440421541253
9.0,0.0,{},ma_returns_prices,48,168,-1,-1.0,360,7.856891749299691,0.2331674158486804,63.30661704331303,0.371667888706793,0.6067242301614352,10.831240191856017
10.0,0.0,{},ma_returns_prices,48,168,-1,-1.0,360,7.684986997261032,0.23237956427631606,63.38909046029614,0.36937610661272263,0.6026029388988087,10.545958222019584
10.0,0.0,{},ma_returns_prices,48,168,-1,-1.0,360,7.684986997261032,0.232379564276316,63.38909046029614,0.3693761066127226,0.6026029388988087,10.545958222019584
1.0,1.0,"{'coef_liquidity_in': [0, 1, inf], 'coef_liquidity_out': [0, 1, inf]}",ma_returns_prices,168,336,24,0.0,720,7.594038167057679,0.1874799433342776,48.68273306110405,0.4052327675929313,0.6486524340898726,13.544921890028611
inf,0.0,"{'weighting_factor': [0, 0.5, 1]}",ma_returns_prices,168,168,24,0.0,720,7.432938109904927,0.2726533789226849,73.18750523693033,0.344754586948898,0.583488158270073,8.789667155724928
1.0,5.0,{},ma_returns_prices,48,168,-1,0.0,360,7.303667361110635,0.2258216303788856,65.27651994009278,0.3667442413243449,0.5845303523482442,9.656867993109612
inf,0.0,"{'weighting_factor': [0, 0.5, 1]}",ma_returns_prices,168,168,-1,0.0,720,7.1512149149344735,0.2789510413752572,73.56308016962926,0.3391304046224836,0.570607127072951,8.361823486387975
1.0,1.0,"{'weighting_factor': [-1, 0, 1]}",ma_returns_prices,168,168,-1,0.0,360,6.984861248043945,0.1949172942692615,50.54123452952312,0.3849670286587491,0.6294538424177303,11.841541473522875
1.0,1.0,"{'coef_liquidity_in': [0, 1, inf], 'coef_liquidity_out': [0, 1, inf]}",ma_ma_returns_prices,168,336,24,0.0,720,6.689745206873711,0.206589110022721,69.56684856727203,0.3699339778358347,0.557121536674258,8.178816956717043
5.0,5.0,{},ma_returns_prices,48,168,-1,0.0,360,6.486158331127615,0.2207673352909717,64.75243573536359,0.3546701668045353,0.5636340335387465,8.472512684386063
1.0,1.0,"{'weighting_factor': [-1, 0, 1]}",ma_returns_prices,168,336,24,0.0,360,6.383982404220366,0.2025612675934451,57.50036998219916,0.3655433769415527,0.6051342179806647,9.363387411049922
1.0,1.0,"{'coef_liquidity_in': [0, 1, inf], 'coef_liquidity_out': [0, 1, inf]}",ma_ma_returns_prices,48,168,24,0.0,720,6.307993090065341,0.1785153085804779,50.45394285980451,0.3875868725674567,0.5779557437802306,10.520472314353247
1.0,1.0,"{'coef_liquidity_in': [0, 1, inf], 'coef_liquidity_out': [0, 1, inf], 'weighting_factor': [0, 0.5, 1]}",ma_returns_prices,168,168,-1,0.0,720,6.066944989829495,0.2754038749454215,74.44103400145143,0.3248832090951896,0.5289016663163174,6.806655842167239
1.0,1.0,"{'coef_liquidity_in': [0, 1, inf], 'coef_liquidity_out': [0, 1, inf], 'weighting_factor': [0, 0.5, 1]}",ma_ma_returns_prices,720,336,-1,0.0,360,5.811118363081452,0.2000743607740817,71.48801116221493,0.3544459625971514,0.5335957085921964,6.729965325464774
1.0,1.0,"{'coef_liquidity_in': [0, 1, inf], 'coef_liquidity_out': [0, 1, inf]}",ma_ma_returns_prices,48,168,24,0.0,360,5.80581889060853,0.2004255060725078,54.39047079954632,0.3541732536162996,0.5279387971303541,8.83577365660276
1.0,1.0,"{'coef_liquidity_in': [0, 1, inf], 'coef_liquidity_out': [0, 1, inf]}",ma_ma_returns_prices,168,168,-1,0.0,360,5.402002220362532,0.2024708073017224,71.7151918326229,0.342293706064974,0.5117626479566547,6.138172551551458
1.0,1.0,"{'coef_liquidity_in': [0, 1, inf], 'coef_liquidity_out': [0, 1, inf]}",ma_ma_returns_prices,168,168,24,0.0,360,5.402002220362532,0.2024708073017224,71.7151918326229,0.342293706064974,0.5117626479566547,6.138172551551458
1.0,1.0,"{'coef_liquidity_in': [0, 1, inf], 'coef_liquidity_out': [0, 1, inf]}",ma_ma_returns_prices,168,168,24,0.0,720,5.365104299151667,0.193414108310969,70.96045950713058,0.3480555878328051,0.5222242063630382,6.151460023610798
5.0,5.0,{},ma_returns_prices,168,336,-1,0.0,360,5.025896484402215,0.1773981292408614,49.614861120145896,0.3489046250004713,0.5613556860702269,8.114295583037553
5.0,1.0,{},ma_returns_prices,168,336,-1,0.0,360,5.024087141702927,0.1781677757921191,49.614861120145896,0.3481051695364322,0.5617606842084955,8.110648807336807
inf,0.0,{},ma_returns_prices,168,168,-1,0.0,360,4.9666381376814215,0.2356824363310429,73.80445477812574,0.3143047970133105,0.4914845469744248,5.374524003471209
0.0,0.0,"{'weighting_factor': [0, 0.5, 1]}",ma_returns_prices,48,168,24,0.0,360,4.953188206755168,0.2574452320853355,70.2480450200691,0.2990628281134146,0.5137957872727513,5.627470779614983
1.0,1.0,"{'coef_liquidity_in': [0, 1, inf], 'coef_liquidity_out': [0, 1, inf], 'weighting_factor': [0, 0.5, 1]}",ma_returns_prices,168,168,-1,0.0,360,4.931851514657361,0.2994067663557539,87.43458552466981,0.3016042148116691,0.4872695814596587,4.496906448476253
1.0,1.0,"{'coef_liquidity_in': [0, 1, inf], 'coef_liquidity_out': [0, 1, inf]}",ma_returns_prices,168,168,-1,0.0,720,4.908658399522971,0.2550759398559952,74.29772209576255,0.3056237967470869,0.4930595046180046,5.2608051623508585
1.0,1.0,"{'coef_liquidity_in': [0, 1, inf], 'coef_liquidity_out': [0, 1, inf], 'weighting_factor': [0, 0.5, 1]}",ma_ma_returns_prices,168,336,24,0.0,720,4.726607295956965,0.231743867166831,79.72503372173456,0.3098089113085376,0.4768392454963184,4.674325142293443
1.0,1.0,"{'coef_liquidity_in': [0, 1, inf], 'coef_liquidity_out': [0, 1, inf], 'weighting_factor': [0, 0.5, 1]}",ma_ma_returns_prices,168,336,-1,0.0,720,4.679501288558432,0.2033678534362376,72.84212803298209,0.3212052561953652,0.4869204642334725,5.051336895171975
1.0,1.0,"{'coef_liquidity_in': [0, 1, inf], 'coef_liquidity_out': [0, 1, inf], 'weighting_factor': [0, 0.5, 1]}",ma_ma_returns_prices,168,336,-1,0.0,360,4.660253457069166,0.1193550933115215,28.60680204086673,0.4323435212206674,0.6436609415063881,12.79504591894001
1.0,1.0,"{'weighting_factor': [-1, 0, 1]}",ma_returns_prices,48,720,24,0.0,360,4.504526395684311,0.1785535689215248,45.54292357470241,0.3288897414989055,0.5653386350578766,7.694996545261227
1.0,1.0,"{'weighting_factor': [-1, 0, 1]}",ma_returns_prices,48,720,-1,0.0,360,4.504526395684311,0.1785535689215248,45.54292357470241,0.3288897414989055,0.5653386350578766,7.694996545261227
1.0,1.0,"{'weighting_factor': [-1, 0, 1]}",ma_returns_prices,48,720,-1,0.0,720,4.504526395684311,0.1785535689215248,45.54292357470241,0.3288897414989055,0.5653386350578766,7.694996545261227
1.0,1.0,"{'coef_liquidity_in': [0, 1, inf], 'coef_liquidity_out': [0, 1, inf], 'weighting_factor': [0, 0.5, 1]}",ma_ma_returns_prices,168,168,24,0.0,720,4.384489611240805,0.2116550927033133,78.30438569655368,0.3078797262372901,0.4683234942258333,4.322222288233546
1.0,1.0,"{'weighting_factor': [-1, 0, 1]}",ma_returns_prices,168,168,24,0.0,720,4.300580833259329,0.2088046965254333,67.21754678504168,0.3050129856095021,0.4925483808735644,4.910296479302376
inf,0.0,"{'weighting_factor': [0, 0.5, 1]}",ma_returns_prices,168,168,24,0.0,360,4.220376780303807,0.2611700791416321,78.18495180318232,0.2894903953072611,0.461650627882871,4.118921488128015
0.0,0.0,"{'weighting_factor': [0, 0.5, 1]}",ma_returns_prices,168,168,-1,0.0,360,3.919914991835809,0.2089921812471677,49.61486112014588,0.2908221055649969,0.464465485994522,5.885162078283418
1.0,1.0,"{'coef_liquidity_in': [0, 1, inf], 'coef_liquidity_out': [0, 1, inf]}",ma_ma_returns_prices,48,336,-1,0.0,360,3.913651451697744,0.2117260439868658,61.53775590372896,0.2860486726282269,0.4747822564076363,4.734737900185903
1.0,1.0,"{'coef_liquidity_in': [0, 1, inf], 'coef_liquidity_out': [0, 1, inf]}",ma_ma_returns_prices,48,336,24,0.0,720,3.898349537959352,0.1972394627923406,74.09919936722737,0.2977742768151241,0.4563640857655284,3.9114451474643537
inf,inf,"{'weighting_factor': [0, 0.5, 1]}",ma_returns_prices,168,168,-1,0.0,720,3.805409651197873,0.273986527719058,73.56308016962925,0.2737831643644707,0.4549936733839391,3.813610910158837
1.0,1.0,{},ma_returns_prices,168,336,-1,0.0,360,3.718075580781413,0.1731526566967391,49.614861120145896,0.3028724675984072,0.4838027599580574,5.478349670675086
5.0,5.0,{},ma_returns_prices,168,168,-1,0.0,360,3.708201522582067,0.1800887431118645,47.87528844176584,0.298069714703608,0.4715604998158433,5.656783720219768
1.0,5.0,{},ma_returns_prices,168,336,-1,0.0,360,3.687418530322711,0.1730825532788425,49.614861120145896,0.3015428851216028,0.4814915681763113,5.416559614698784
1.0,1.0,"{'coef_liquidity_in': [0, 1, inf], 'coef_liquidity_out': [0, 1, inf]}",ma_ma_returns_prices,48,336,24,0.0,360,3.644656642159336,0.1835463503453651,65.52170527294777,0.2951023049214746,0.4510798799308452,4.036306184557205
inf,0.0,"{'weighting_factor': [0, 0.5, 1]}",ma_returns_prices,168,168,-1,0.0,360,3.631966523381843,0.2710086984615326,83.03950262215834,0.2724720335380743,0.4378944198895638,3.1695355105360745
1.0,1.0,"{'coef_liquidity_in': [0, 1, inf], 'coef_liquidity_out': [0, 1, inf], 'weighting_factor': [0, 0.5, 1]}",ma_ma_returns_prices,48,168,24,0.0,720,3.500612492398495,0.22299104806412,72.6474926617682,0.2736256815683134,0.4203568426559713,3.4421180976483705
0.0,0.0,"{'weighting_factor': [0, 0.5, 1]}",ma_returns_prices,168,168,24,0.0,720,3.431955171828699,0.3476736077356319,79.35683293770965,0.2665494568459818,0.4541635409404609,3.0645819418444256
5.0,1.0,{},ma_returns_prices,168,168,-1,0.0,360,3.412444189068528,0.1824736461908867,47.87528844176584,0.2833803031459998,0.4496076800044642,5.039017554960442
1.0,1.0,"{'coef_liquidity_in': [0, 1, inf], 'coef_liquidity_out': [0, 1, inf], 'weighting_factor': [0, 0.5, 1]}",ma_returns_prices,168,168,24,0.0,360,3.393924743102261,0.3097648415275645,80.69949556969385,0.2648109758805608,0.4341902094434945,2.9664680382479163
0.0,0.0,{},ma_returns_prices,168,336,-1,0.0,360,3.389512265673024,0.1728812475726851,49.614861120145896,0.2876128079271181,0.4582750349233476,4.816122048365006
1.0,1.0,"{'weighting_factor': [-1, 0, 1]}",ma_returns_prices,168,336,24,0.0,720,3.3585654218869085,0.1806835357127666,63.0098958947296,0.2842175496598588,0.4536406392434715,3.743166669926506
inf,inf,"{'weighting_factor': [0, 0.5, 1]}",ma_returns_prices,168,168,24,0.0,720,3.3489971599005144,0.2801525659539213,73.18750523693032,0.2606225161419291,0.4342131411552201,3.209560364567822
1.0,5.0,{},ma_returns_prices,168,168,-1,0.0,360,3.297364923393523,0.1819428096999516,49.277188348870055,0.2779206811071262,0.4385648949424525,4.662126635815256
1.0,1.0,{},ma_returns_prices,168,168,-1,0.0,360,3.2504790716665246,0.1819855887753056,49.277188348870055,0.2756242618576983,0.4352997024238746,4.566979462654608
1.0,1.0,"{'weighting_factor': [-1, 0, 1]}",ma_returns_prices,168,168,24,0.0,360,3.2255067123004446,0.1896980795996937,53.76783984206236,0.2733656612106255,0.4183597788168856,4.139103819007138
0.0,0.0,"{'weighting_factor': [0, 0.5, 1]}",ma_returns_prices,168,336,-1,0.0,360,3.153406576633864,0.1820037222193384,49.614861120145896,0.2705623952172777,0.4308909526619036,4.340245095958724
1.0,1.0,"{'coef_liquidity_in': [0, 1, inf], 'coef_liquidity_out': [0, 1, inf], 'weighting_factor': [0, 0.5, 1]}",ma_ma_returns_prices,168,168,24,0.0,360,3.143274265739626,0.1052807869183723,28.430126613215723,0.3670604242187947,0.5384150967437473,7.538743301773856
1.0,1.0,"{'coef_liquidity_in': [0, 1, inf], 'coef_liquidity_out': [0, 1, inf], 'weighting_factor': [0, 0.5, 1]}",ma_ma_returns_prices,168,168,-1,0.0,360,3.143274265739626,0.1052807869183723,28.430126613215723,0.3670604242187947,0.5384150967437473,7.538743301773856
0.0,0.0,{},ma_returns_prices,168,168,-1,0.0,360,3.121817825049628,0.1833788111606445,49.61486112014588,0.2684738008304303,0.4232556890402107,4.276577172939165
1.0,1.0,"{'coef_liquidity_in': [0, 1, inf], 'coef_liquidity_out': [0, 1, inf], 'weighting_factor': [0, 0.5, 1]}",ma_ma_returns_prices,48,168,-1,0.0,720,2.6708564442735736,0.2151716858177956,65.96592253047751,0.2393890585657122,0.3677553693061647,2.532908477860832
0.0,0.0,"{'weighting_factor': [0, 0.5, 1]}",ma_returns_prices,168,168,-1,0.0,720,2.528328582414013,0.296813414044793,79.64599126290928,0.2336459339021909,0.3832846096485435,1.918902079288637
inf,inf,{},ma_returns_prices,168,168,-1,0.0,360,2.346659012770979,0.2293345220413899,73.80445477812574,0.2221447281326088,0.3421314160052373,1.8246310697902528
1.0,1.0,"{'coef_liquidity_in': [0, 1, inf], 'coef_liquidity_out': [0, 1, inf], 'weighting_factor': [0, 0.5, 1]}",ma_ma_returns_prices,168,168,-1,0.0,720,2.181429794711012,0.2055093413285443,72.48611941363886,0.2130248389988324,0.3181328187270039,1.6298703865897886
0.0,inf,{},ma_returns_prices,168,336,-1,0.0,360,2.1668402094541266,0.0790117936785773,28.60680204086673,0.3224593172489708,0.4627760063411084,4.078890774953515
0.0,inf,"{'weighting_factor': [0, 0.5, 1]}",ma_returns_prices,168,336,24,0.0,720,2.1668402094541266,0.0790117936785773,28.60680204086673,0.3224593172489708,0.4627760063411084,4.078890774953515
0.0,inf,"{'weighting_factor': [0, 0.5, 1]}",ma_returns_prices,168,336,-1,0.0,360,2.1668402094541266,0.0790117936785773,28.60680204086673,0.3224593172489708,0.4627760063411084,4.078890774953515
0.0,inf,"{'weighting_factor': [0, 0.5, 1]}",ma_returns_prices,168,336,24,0.0,360,2.1668402094541266,0.0790117936785773,28.60680204086673,0.3224593172489708,0.4627760063411084,4.078890774953515
0.0,inf,"{'weighting_factor': [0, 0.5, 1]}",ma_returns_prices,168,336,-1,0.0,720,2.1668402094541266,0.0790117936785773,28.60680204086673,0.3224593172489708,0.4627760063411084,4.078890774953515
1.0,1.0,"{'coef_liquidity_in': [0, 1, inf], 'coef_liquidity_out': [0, 1, inf]}",ma_ma_returns_prices,168,168,-1,0.0,720,2.108019535761636,0.1882116961897779,73.5011399098982,0.2095258723900507,0.3032183800789388,1.5074861928942975
inf,inf,"{'weighting_factor': [0, 0.5, 1]}",ma_returns_prices,168,168,24,0.0,360,2.088066302583605,0.2650250793763448,76.58693714492522,0.2113375174605338,0.340829357702384,1.4206943679242068
1.0,1.0,"{'coef_liquidity_in': [0, 1, inf], 'coef_liquidity_out': [0, 1, inf], 'weighting_factor': [0, 0.5, 1]}",ma_ma_returns_prices,48,336,-1,0.0,360,1.9659543169890503,0.1473033076742857,49.62353352696034,0.2063791433638266,0.3051066606562616,1.9465649629006163
0.0,inf,"{'weighting_factor': [0, 0.5, 1]}",ma_returns_prices,168,168,-1,0.0,360,1.935446064975826,0.0882223532538631,28.945628373399835,0.2605302707034613,0.374766774444686,3.23173521372047
0.0,inf,"{'weighting_factor': [0, 0.5, 1]}",ma_returns_prices,168,168,24,0.0,720,1.935446064975826,0.0882223532538631,28.945628373399835,0.2605302707034613,0.374766774444686,3.23173521372047
0.0,inf,"{'weighting_factor': [0, 0.5, 1]}",ma_returns_prices,168,168,-1,0.0,720,1.935446064975826,0.0882223532538631,28.945628373399835,0.2605302707034613,0.374766774444686,3.23173521372047
0.0,inf,{},ma_returns_prices,168,168,-1,0.0,360,1.935446064975826,0.0882223532538631,28.945628373399835,0.2605302707034613,0.374766774444686,3.23173521372047
0.0,inf,"{'weighting_factor': [0, 0.5, 1]}",ma_returns_prices,168,168,24,0.0,360,1.935446064975826,0.0882223532538631,28.945628373399835,0.2605302707034613,0.374766774444686,3.23173521372047
inf,inf,"{'weighting_factor': [0, 0.5, 1]}",ma_returns_prices,168,168,-1,0.0,360,1.7136356429423971,0.2643108612705805,83.03950262215834,0.1905268373618758,0.3017437297658345,0.8593929640806524
0.0,inf,"{'weighting_factor': [0, 0.5, 1]}",ma_returns_prices,48,168,-1,0.0,360,1.7129182212364402,0.0632156378929274,27.37016217958528,0.2777931661029365,0.3950347105208359,2.604727792837809
0.0,inf,"{'weighting_factor': [0, 0.5, 1]}",ma_returns_prices,48,168,-1,0.0,720,1.7129182212364402,0.0632156378929274,27.37016217958528,0.2777931661029365,0.3950347105208359,2.604727792837809
0.0,inf,"{'weighting_factor': [0, 0.5, 1]}",ma_returns_prices,48,168,24,0.0,720,1.7129182212364402,0.0632156378929274,27.37016217958528,0.2777931661029365,0.3950347105208359,2.604727792837809
0.0,inf,{},ma_returns_prices,48,168,-1,0.0,360,1.7129182212364402,0.0632156378929274,27.37016217958528,0.2777931661029365,0.3950347105208359,2.604727792837809
0.0,inf,"{'weighting_factor': [0, 0.5, 1]}",ma_returns_prices,48,168,24,0.0,360,1.7129182212364402,0.0632156378929274,27.37016217958528,0.2777931661029365,0.3950347105208359,2.604727792837809
0.0,inf,{},ma_returns_prices,48,336,-1,0.0,360,1.6447658472861677,0.0623533918748362,28.60680204086673,0.2619880349459004,0.3671929859960776,2.253889988699458
0.0,inf,"{'weighting_factor': [0, 0.5, 1]}",ma_returns_prices,48,336,24,0.0,360,1.6447658472861677,0.0623533918748362,28.60680204086673,0.2619880349459004,0.3671929859960776,2.253889988699458
0.0,inf,"{'weighting_factor': [0, 0.5, 1]}",ma_returns_prices,48,336,-1,0.0,360,1.6447658472861677,0.0623533918748362,28.60680204086673,0.2619880349459004,0.3671929859960776,2.253889988699458
0.0,inf,"{'weighting_factor': [0, 0.5, 1]}",ma_returns_prices,48,336,-1,0.0,720,1.6447658472861677,0.0623533918748362,28.60680204086673,0.2619880349459004,0.3671929859960776,2.253889988699458
0.0,inf,"{'weighting_factor': [0, 0.5, 1]}",ma_returns_prices,48,336,24,0.0,720,1.6447658472861677,0.0623533918748362,28.60680204086673,0.2619880349459004,0.3671929859960776,2.253889988699458
0.0,0.0,"{'weighting_factor': [0, 0.5, 1]}",ma_returns_prices,48,168,24,0.0,720,1.6232536246928724,0.0737024418172039,27.37016217958528,0.2269442633720802,0.3230064140625919,2.2771279928978347
0.0,0.0,{},ma_returns_prices,48,168,-1,0.0,360,1.553255800481252,0.0707519216301696,27.37016217958528,0.215432810534362,0.3016585128132017,2.021382982136334
0.0,0.0,"{'weighting_factor': [0, 0.5, 1]}",ma_returns_prices,48,168,-1,0.0,360,1.553255800481252,0.0707519216301696,27.37016217958528,0.215432810534362,0.3016585128132017,2.021382982136334
0.0,0.0,"{'weighting_factor': [0, 0.5, 1]}",ma_returns_prices,48,168,-1,0.0,720,1.553255800481252,0.0707519216301696,27.37016217958528,0.215432810534362,0.3016585128132017,2.021382982136334
